./dataset/MMU-Iris-2/010201.bmp,./dataset/MMU-Iris-2/010202.bmp,1
./dataset/MMU-Iris-2/010201.bmp,./dataset/MMU-Iris-2/010203.bmp,1
./dataset/MMU-Iris-2/010201.bmp,./dataset/MMU-Iris-2/010204.bmp,1
./dataset/MMU-Iris-2/010201.bmp,./dataset/MMU-Iris-2/010205.bmp,1
./dataset/MMU-Iris-2/010202.bmp,./dataset/MMU-Iris-2/010203.bmp,1
./dataset/MMU-Iris-2/010202.bmp,./dataset/MMU-Iris-2/010204.bmp,1
./dataset/MMU-Iris-2/010202.bmp,./dataset/MMU-Iris-2/010205.bmp,1
./dataset/MMU-Iris-2/010203.bmp,./dataset/MMU-Iris-2/010204.bmp,1
./dataset/MMU-Iris-2/010203.bmp,./dataset/MMU-Iris-2/010205.bmp,1
./dataset/MMU-Iris-2/010204.bmp,./dataset/MMU-Iris-2/010205.bmp,1
./dataset/MMU-Iris-2/020201.bmp,./dataset/MMU-Iris-2/020202.bmp,1
./dataset/MMU-Iris-2/020201.bmp,./dataset/MMU-Iris-2/020203.bmp,1
./dataset/MMU-Iris-2/020201.bmp,./dataset/MMU-Iris-2/020204.bmp,1
./dataset/MMU-Iris-2/020201.bmp,./dataset/MMU-Iris-2/020205.bmp,1
./dataset/MMU-Iris-2/020202.bmp,./dataset/MMU-Iris-2/020203.bmp,1
./dataset/MMU-Iris-2/020202.bmp,./dataset/MMU-Iris-2/020204.bmp,1
./dataset/MMU-Iris-2/020202.bmp,./dataset/MMU-Iris-2/020205.bmp,1
./dataset/MMU-Iris-2/020203.bmp,./dataset/MMU-Iris-2/020204.bmp,1
./dataset/MMU-Iris-2/020203.bmp,./dataset/MMU-Iris-2/020205.bmp,1
./dataset/MMU-Iris-2/020204.bmp,./dataset/MMU-Iris-2/020205.bmp,1
./dataset/MMU-Iris-2/030201.bmp,./dataset/MMU-Iris-2/030202.bmp,1
./dataset/MMU-Iris-2/030201.bmp,./dataset/MMU-Iris-2/030203.bmp,1
./dataset/MMU-Iris-2/030201.bmp,./dataset/MMU-Iris-2/030204.bmp,1
./dataset/MMU-Iris-2/030201.bmp,./dataset/MMU-Iris-2/030205.bmp,1
./dataset/MMU-Iris-2/030202.bmp,./dataset/MMU-Iris-2/030203.bmp,1
./dataset/MMU-Iris-2/030202.bmp,./dataset/MMU-Iris-2/030204.bmp,1
./dataset/MMU-Iris-2/030202.bmp,./dataset/MMU-Iris-2/030205.bmp,1
./dataset/MMU-Iris-2/030203.bmp,./dataset/MMU-Iris-2/030204.bmp,1
./dataset/MMU-Iris-2/030203.bmp,./dataset/MMU-Iris-2/030205.bmp,1
./dataset/MMU-Iris-2/030204.bmp,./dataset/MMU-Iris-2/030205.bmp,1
./dataset/MMU-Iris-2/040201.bmp,./dataset/MMU-Iris-2/040202.bmp,1
./dataset/MMU-Iris-2/040201.bmp,./dataset/MMU-Iris-2/040203.bmp,1
./dataset/MMU-Iris-2/040201.bmp,./dataset/MMU-Iris-2/040204.bmp,1
./dataset/MMU-Iris-2/040201.bmp,./dataset/MMU-Iris-2/040205.bmp,1
./dataset/MMU-Iris-2/040202.bmp,./dataset/MMU-Iris-2/040203.bmp,1
./dataset/MMU-Iris-2/040202.bmp,./dataset/MMU-Iris-2/040204.bmp,1
./dataset/MMU-Iris-2/040202.bmp,./dataset/MMU-Iris-2/040205.bmp,1
./dataset/MMU-Iris-2/040203.bmp,./dataset/MMU-Iris-2/040204.bmp,1
./dataset/MMU-Iris-2/040203.bmp,./dataset/MMU-Iris-2/040205.bmp,1
./dataset/MMU-Iris-2/040204.bmp,./dataset/MMU-Iris-2/040205.bmp,1
./dataset/MMU-Iris-2/050201.bmp,./dataset/MMU-Iris-2/050202.bmp,1
./dataset/MMU-Iris-2/050201.bmp,./dataset/MMU-Iris-2/050203.bmp,1
./dataset/MMU-Iris-2/050201.bmp,./dataset/MMU-Iris-2/050204.bmp,1
./dataset/MMU-Iris-2/050201.bmp,./dataset/MMU-Iris-2/050205.bmp,1
./dataset/MMU-Iris-2/050202.bmp,./dataset/MMU-Iris-2/050203.bmp,1
./dataset/MMU-Iris-2/050202.bmp,./dataset/MMU-Iris-2/050204.bmp,1
./dataset/MMU-Iris-2/050202.bmp,./dataset/MMU-Iris-2/050205.bmp,1
./dataset/MMU-Iris-2/050203.bmp,./dataset/MMU-Iris-2/050204.bmp,1
./dataset/MMU-Iris-2/050203.bmp,./dataset/MMU-Iris-2/050205.bmp,1
./dataset/MMU-Iris-2/050204.bmp,./dataset/MMU-Iris-2/050205.bmp,1
./dataset/MMU-Iris-2/060201.bmp,./dataset/MMU-Iris-2/060202.bmp,1
./dataset/MMU-Iris-2/060201.bmp,./dataset/MMU-Iris-2/060203.bmp,1
./dataset/MMU-Iris-2/060201.bmp,./dataset/MMU-Iris-2/060204.bmp,1
./dataset/MMU-Iris-2/060201.bmp,./dataset/MMU-Iris-2/060205.bmp,1
./dataset/MMU-Iris-2/060202.bmp,./dataset/MMU-Iris-2/060203.bmp,1
./dataset/MMU-Iris-2/060202.bmp,./dataset/MMU-Iris-2/060204.bmp,1
./dataset/MMU-Iris-2/060202.bmp,./dataset/MMU-Iris-2/060205.bmp,1
./dataset/MMU-Iris-2/060203.bmp,./dataset/MMU-Iris-2/060204.bmp,1
./dataset/MMU-Iris-2/060203.bmp,./dataset/MMU-Iris-2/060205.bmp,1
./dataset/MMU-Iris-2/060204.bmp,./dataset/MMU-Iris-2/060205.bmp,1
./dataset/MMU-Iris-2/070201.bmp,./dataset/MMU-Iris-2/070202.bmp,1
./dataset/MMU-Iris-2/070201.bmp,./dataset/MMU-Iris-2/070203.bmp,1
./dataset/MMU-Iris-2/070201.bmp,./dataset/MMU-Iris-2/070204.bmp,1
./dataset/MMU-Iris-2/070201.bmp,./dataset/MMU-Iris-2/070205.bmp,1
./dataset/MMU-Iris-2/070202.bmp,./dataset/MMU-Iris-2/070203.bmp,1
./dataset/MMU-Iris-2/070202.bmp,./dataset/MMU-Iris-2/070204.bmp,1
./dataset/MMU-Iris-2/070202.bmp,./dataset/MMU-Iris-2/070205.bmp,1
./dataset/MMU-Iris-2/070203.bmp,./dataset/MMU-Iris-2/070204.bmp,1
./dataset/MMU-Iris-2/070203.bmp,./dataset/MMU-Iris-2/070205.bmp,1
./dataset/MMU-Iris-2/070204.bmp,./dataset/MMU-Iris-2/070205.bmp,1
./dataset/MMU-Iris-2/080201.bmp,./dataset/MMU-Iris-2/080202.bmp,1
./dataset/MMU-Iris-2/080201.bmp,./dataset/MMU-Iris-2/080203.bmp,1
./dataset/MMU-Iris-2/080201.bmp,./dataset/MMU-Iris-2/080204.bmp,1
./dataset/MMU-Iris-2/080201.bmp,./dataset/MMU-Iris-2/080205.bmp,1
./dataset/MMU-Iris-2/080202.bmp,./dataset/MMU-Iris-2/080203.bmp,1
./dataset/MMU-Iris-2/080202.bmp,./dataset/MMU-Iris-2/080204.bmp,1
./dataset/MMU-Iris-2/080202.bmp,./dataset/MMU-Iris-2/080205.bmp,1
./dataset/MMU-Iris-2/080203.bmp,./dataset/MMU-Iris-2/080204.bmp,1
./dataset/MMU-Iris-2/080203.bmp,./dataset/MMU-Iris-2/080205.bmp,1
./dataset/MMU-Iris-2/080204.bmp,./dataset/MMU-Iris-2/080205.bmp,1
./dataset/MMU-Iris-2/090201.bmp,./dataset/MMU-Iris-2/090202.bmp,1
./dataset/MMU-Iris-2/090201.bmp,./dataset/MMU-Iris-2/090203.bmp,1
./dataset/MMU-Iris-2/090201.bmp,./dataset/MMU-Iris-2/090204.bmp,1
./dataset/MMU-Iris-2/090201.bmp,./dataset/MMU-Iris-2/090205.bmp,1
./dataset/MMU-Iris-2/090202.bmp,./dataset/MMU-Iris-2/090203.bmp,1
./dataset/MMU-Iris-2/090202.bmp,./dataset/MMU-Iris-2/090204.bmp,1
./dataset/MMU-Iris-2/090202.bmp,./dataset/MMU-Iris-2/090205.bmp,1
./dataset/MMU-Iris-2/090203.bmp,./dataset/MMU-Iris-2/090204.bmp,1
./dataset/MMU-Iris-2/090203.bmp,./dataset/MMU-Iris-2/090205.bmp,1
./dataset/MMU-Iris-2/090204.bmp,./dataset/MMU-Iris-2/090205.bmp,1
./dataset/MMU-Iris-2/100201.bmp,./dataset/MMU-Iris-2/100202.bmp,1
./dataset/MMU-Iris-2/100201.bmp,./dataset/MMU-Iris-2/100203.bmp,1
./dataset/MMU-Iris-2/100201.bmp,./dataset/MMU-Iris-2/100204.bmp,1
./dataset/MMU-Iris-2/100201.bmp,./dataset/MMU-Iris-2/100205.bmp,1
./dataset/MMU-Iris-2/100202.bmp,./dataset/MMU-Iris-2/100203.bmp,1
./dataset/MMU-Iris-2/100202.bmp,./dataset/MMU-Iris-2/100204.bmp,1
./dataset/MMU-Iris-2/100202.bmp,./dataset/MMU-Iris-2/100205.bmp,1
./dataset/MMU-Iris-2/100203.bmp,./dataset/MMU-Iris-2/100204.bmp,1
./dataset/MMU-Iris-2/100203.bmp,./dataset/MMU-Iris-2/100205.bmp,1
./dataset/MMU-Iris-2/100204.bmp,./dataset/MMU-Iris-2/100205.bmp,1
./dataset/MMU-Iris-2/110201.bmp,./dataset/MMU-Iris-2/110202.bmp,1
./dataset/MMU-Iris-2/110201.bmp,./dataset/MMU-Iris-2/110203.bmp,1
./dataset/MMU-Iris-2/110201.bmp,./dataset/MMU-Iris-2/110204.bmp,1
./dataset/MMU-Iris-2/110201.bmp,./dataset/MMU-Iris-2/110205.bmp,1
./dataset/MMU-Iris-2/110202.bmp,./dataset/MMU-Iris-2/110203.bmp,1
./dataset/MMU-Iris-2/110202.bmp,./dataset/MMU-Iris-2/110204.bmp,1
./dataset/MMU-Iris-2/110202.bmp,./dataset/MMU-Iris-2/110205.bmp,1
./dataset/MMU-Iris-2/110203.bmp,./dataset/MMU-Iris-2/110204.bmp,1
./dataset/MMU-Iris-2/110203.bmp,./dataset/MMU-Iris-2/110205.bmp,1
./dataset/MMU-Iris-2/110204.bmp,./dataset/MMU-Iris-2/110205.bmp,1
./dataset/MMU-Iris-2/120201.bmp,./dataset/MMU-Iris-2/120202.bmp,1
./dataset/MMU-Iris-2/120201.bmp,./dataset/MMU-Iris-2/120203.bmp,1
./dataset/MMU-Iris-2/120201.bmp,./dataset/MMU-Iris-2/120204.bmp,1
./dataset/MMU-Iris-2/120201.bmp,./dataset/MMU-Iris-2/120205.bmp,1
./dataset/MMU-Iris-2/120202.bmp,./dataset/MMU-Iris-2/120203.bmp,1
./dataset/MMU-Iris-2/120202.bmp,./dataset/MMU-Iris-2/120204.bmp,1
./dataset/MMU-Iris-2/120202.bmp,./dataset/MMU-Iris-2/120205.bmp,1
./dataset/MMU-Iris-2/120203.bmp,./dataset/MMU-Iris-2/120204.bmp,1
./dataset/MMU-Iris-2/120203.bmp,./dataset/MMU-Iris-2/120205.bmp,1
./dataset/MMU-Iris-2/120204.bmp,./dataset/MMU-Iris-2/120205.bmp,1
./dataset/MMU-Iris-2/130201.bmp,./dataset/MMU-Iris-2/130202.bmp,1
./dataset/MMU-Iris-2/130201.bmp,./dataset/MMU-Iris-2/130203.bmp,1
./dataset/MMU-Iris-2/130201.bmp,./dataset/MMU-Iris-2/130204.bmp,1
./dataset/MMU-Iris-2/130201.bmp,./dataset/MMU-Iris-2/130205.bmp,1
./dataset/MMU-Iris-2/130202.bmp,./dataset/MMU-Iris-2/130203.bmp,1
./dataset/MMU-Iris-2/130202.bmp,./dataset/MMU-Iris-2/130204.bmp,1
./dataset/MMU-Iris-2/130202.bmp,./dataset/MMU-Iris-2/130205.bmp,1
./dataset/MMU-Iris-2/130203.bmp,./dataset/MMU-Iris-2/130204.bmp,1
./dataset/MMU-Iris-2/130203.bmp,./dataset/MMU-Iris-2/130205.bmp,1
./dataset/MMU-Iris-2/130204.bmp,./dataset/MMU-Iris-2/130205.bmp,1
./dataset/MMU-Iris-2/140201.bmp,./dataset/MMU-Iris-2/140202.bmp,1
./dataset/MMU-Iris-2/140201.bmp,./dataset/MMU-Iris-2/140203.bmp,1
./dataset/MMU-Iris-2/140201.bmp,./dataset/MMU-Iris-2/140204.bmp,1
./dataset/MMU-Iris-2/140201.bmp,./dataset/MMU-Iris-2/140205.bmp,1
./dataset/MMU-Iris-2/140202.bmp,./dataset/MMU-Iris-2/140203.bmp,1
./dataset/MMU-Iris-2/140202.bmp,./dataset/MMU-Iris-2/140204.bmp,1
./dataset/MMU-Iris-2/140202.bmp,./dataset/MMU-Iris-2/140205.bmp,1
./dataset/MMU-Iris-2/140203.bmp,./dataset/MMU-Iris-2/140204.bmp,1
./dataset/MMU-Iris-2/140203.bmp,./dataset/MMU-Iris-2/140205.bmp,1
./dataset/MMU-Iris-2/140204.bmp,./dataset/MMU-Iris-2/140205.bmp,1
./dataset/MMU-Iris-2/150201.bmp,./dataset/MMU-Iris-2/150202.bmp,1
./dataset/MMU-Iris-2/150201.bmp,./dataset/MMU-Iris-2/150203.bmp,1
./dataset/MMU-Iris-2/150201.bmp,./dataset/MMU-Iris-2/150204.bmp,1
./dataset/MMU-Iris-2/150201.bmp,./dataset/MMU-Iris-2/150205.bmp,1
./dataset/MMU-Iris-2/150202.bmp,./dataset/MMU-Iris-2/150203.bmp,1
./dataset/MMU-Iris-2/150202.bmp,./dataset/MMU-Iris-2/150204.bmp,1
./dataset/MMU-Iris-2/150202.bmp,./dataset/MMU-Iris-2/150205.bmp,1
./dataset/MMU-Iris-2/150203.bmp,./dataset/MMU-Iris-2/150204.bmp,1
./dataset/MMU-Iris-2/150203.bmp,./dataset/MMU-Iris-2/150205.bmp,1
./dataset/MMU-Iris-2/150204.bmp,./dataset/MMU-Iris-2/150205.bmp,1
./dataset/MMU-Iris-2/160201.bmp,./dataset/MMU-Iris-2/160202.bmp,1
./dataset/MMU-Iris-2/160201.bmp,./dataset/MMU-Iris-2/160203.bmp,1
./dataset/MMU-Iris-2/160201.bmp,./dataset/MMU-Iris-2/160204.bmp,1
./dataset/MMU-Iris-2/160201.bmp,./dataset/MMU-Iris-2/160205.bmp,1
./dataset/MMU-Iris-2/160202.bmp,./dataset/MMU-Iris-2/160203.bmp,1
./dataset/MMU-Iris-2/160202.bmp,./dataset/MMU-Iris-2/160204.bmp,1
./dataset/MMU-Iris-2/160202.bmp,./dataset/MMU-Iris-2/160205.bmp,1
./dataset/MMU-Iris-2/160203.bmp,./dataset/MMU-Iris-2/160204.bmp,1
./dataset/MMU-Iris-2/160203.bmp,./dataset/MMU-Iris-2/160205.bmp,1
./dataset/MMU-Iris-2/160204.bmp,./dataset/MMU-Iris-2/160205.bmp,1
./dataset/MMU-Iris-2/170201.bmp,./dataset/MMU-Iris-2/170202.bmp,1
./dataset/MMU-Iris-2/170201.bmp,./dataset/MMU-Iris-2/170203.bmp,1
./dataset/MMU-Iris-2/170201.bmp,./dataset/MMU-Iris-2/170204.bmp,1
./dataset/MMU-Iris-2/170201.bmp,./dataset/MMU-Iris-2/170205.bmp,1
./dataset/MMU-Iris-2/170202.bmp,./dataset/MMU-Iris-2/170203.bmp,1
./dataset/MMU-Iris-2/170202.bmp,./dataset/MMU-Iris-2/170204.bmp,1
./dataset/MMU-Iris-2/170202.bmp,./dataset/MMU-Iris-2/170205.bmp,1
./dataset/MMU-Iris-2/170203.bmp,./dataset/MMU-Iris-2/170204.bmp,1
./dataset/MMU-Iris-2/170203.bmp,./dataset/MMU-Iris-2/170205.bmp,1
./dataset/MMU-Iris-2/170204.bmp,./dataset/MMU-Iris-2/170205.bmp,1
./dataset/MMU-Iris-2/180201.bmp,./dataset/MMU-Iris-2/180202.bmp,1
./dataset/MMU-Iris-2/180201.bmp,./dataset/MMU-Iris-2/180203.bmp,1
./dataset/MMU-Iris-2/180201.bmp,./dataset/MMU-Iris-2/180204.bmp,1
./dataset/MMU-Iris-2/180201.bmp,./dataset/MMU-Iris-2/180205.bmp,1
./dataset/MMU-Iris-2/180202.bmp,./dataset/MMU-Iris-2/180203.bmp,1
./dataset/MMU-Iris-2/180202.bmp,./dataset/MMU-Iris-2/180204.bmp,1
./dataset/MMU-Iris-2/180202.bmp,./dataset/MMU-Iris-2/180205.bmp,1
./dataset/MMU-Iris-2/180203.bmp,./dataset/MMU-Iris-2/180204.bmp,1
./dataset/MMU-Iris-2/180203.bmp,./dataset/MMU-Iris-2/180205.bmp,1
./dataset/MMU-Iris-2/180204.bmp,./dataset/MMU-Iris-2/180205.bmp,1
./dataset/MMU-Iris-2/190201.bmp,./dataset/MMU-Iris-2/190202.bmp,1
./dataset/MMU-Iris-2/190201.bmp,./dataset/MMU-Iris-2/190203.bmp,1
./dataset/MMU-Iris-2/190201.bmp,./dataset/MMU-Iris-2/190204.bmp,1
./dataset/MMU-Iris-2/190201.bmp,./dataset/MMU-Iris-2/190205.bmp,1
./dataset/MMU-Iris-2/190202.bmp,./dataset/MMU-Iris-2/190203.bmp,1
./dataset/MMU-Iris-2/190202.bmp,./dataset/MMU-Iris-2/190204.bmp,1
./dataset/MMU-Iris-2/190202.bmp,./dataset/MMU-Iris-2/190205.bmp,1
./dataset/MMU-Iris-2/190203.bmp,./dataset/MMU-Iris-2/190204.bmp,1
./dataset/MMU-Iris-2/190203.bmp,./dataset/MMU-Iris-2/190205.bmp,1
./dataset/MMU-Iris-2/190204.bmp,./dataset/MMU-Iris-2/190205.bmp,1
./dataset/MMU-Iris-2/200201.bmp,./dataset/MMU-Iris-2/200202.bmp,1
./dataset/MMU-Iris-2/200201.bmp,./dataset/MMU-Iris-2/200203.bmp,1
./dataset/MMU-Iris-2/200201.bmp,./dataset/MMU-Iris-2/200204.bmp,1
./dataset/MMU-Iris-2/200201.bmp,./dataset/MMU-Iris-2/200205.bmp,1
./dataset/MMU-Iris-2/200202.bmp,./dataset/MMU-Iris-2/200203.bmp,1
./dataset/MMU-Iris-2/200202.bmp,./dataset/MMU-Iris-2/200204.bmp,1
./dataset/MMU-Iris-2/200202.bmp,./dataset/MMU-Iris-2/200205.bmp,1
./dataset/MMU-Iris-2/200203.bmp,./dataset/MMU-Iris-2/200204.bmp,1
./dataset/MMU-Iris-2/200203.bmp,./dataset/MMU-Iris-2/200205.bmp,1
./dataset/MMU-Iris-2/200204.bmp,./dataset/MMU-Iris-2/200205.bmp,1
./dataset/MMU-Iris-2/210201.bmp,./dataset/MMU-Iris-2/210202.bmp,1
./dataset/MMU-Iris-2/210201.bmp,./dataset/MMU-Iris-2/210203.bmp,1
./dataset/MMU-Iris-2/210201.bmp,./dataset/MMU-Iris-2/210204.bmp,1
./dataset/MMU-Iris-2/210201.bmp,./dataset/MMU-Iris-2/210205.bmp,1
./dataset/MMU-Iris-2/210202.bmp,./dataset/MMU-Iris-2/210203.bmp,1
./dataset/MMU-Iris-2/210202.bmp,./dataset/MMU-Iris-2/210204.bmp,1
./dataset/MMU-Iris-2/210202.bmp,./dataset/MMU-Iris-2/210205.bmp,1
./dataset/MMU-Iris-2/210203.bmp,./dataset/MMU-Iris-2/210204.bmp,1
./dataset/MMU-Iris-2/210203.bmp,./dataset/MMU-Iris-2/210205.bmp,1
./dataset/MMU-Iris-2/210204.bmp,./dataset/MMU-Iris-2/210205.bmp,1
./dataset/MMU-Iris-2/220201.bmp,./dataset/MMU-Iris-2/220202.bmp,1
./dataset/MMU-Iris-2/220201.bmp,./dataset/MMU-Iris-2/220203.bmp,1
./dataset/MMU-Iris-2/220201.bmp,./dataset/MMU-Iris-2/220204.bmp,1
./dataset/MMU-Iris-2/220201.bmp,./dataset/MMU-Iris-2/220205.bmp,1
./dataset/MMU-Iris-2/220202.bmp,./dataset/MMU-Iris-2/220203.bmp,1
./dataset/MMU-Iris-2/220202.bmp,./dataset/MMU-Iris-2/220204.bmp,1
./dataset/MMU-Iris-2/220202.bmp,./dataset/MMU-Iris-2/220205.bmp,1
./dataset/MMU-Iris-2/220203.bmp,./dataset/MMU-Iris-2/220204.bmp,1
./dataset/MMU-Iris-2/220203.bmp,./dataset/MMU-Iris-2/220205.bmp,1
./dataset/MMU-Iris-2/220204.bmp,./dataset/MMU-Iris-2/220205.bmp,1
./dataset/MMU-Iris-2/230201.bmp,./dataset/MMU-Iris-2/230202.bmp,1
./dataset/MMU-Iris-2/230201.bmp,./dataset/MMU-Iris-2/230203.bmp,1
./dataset/MMU-Iris-2/230201.bmp,./dataset/MMU-Iris-2/230204.bmp,1
./dataset/MMU-Iris-2/230201.bmp,./dataset/MMU-Iris-2/230205.bmp,1
./dataset/MMU-Iris-2/230202.bmp,./dataset/MMU-Iris-2/230203.bmp,1
./dataset/MMU-Iris-2/230202.bmp,./dataset/MMU-Iris-2/230204.bmp,1
./dataset/MMU-Iris-2/230202.bmp,./dataset/MMU-Iris-2/230205.bmp,1
./dataset/MMU-Iris-2/230203.bmp,./dataset/MMU-Iris-2/230204.bmp,1
./dataset/MMU-Iris-2/230203.bmp,./dataset/MMU-Iris-2/230205.bmp,1
./dataset/MMU-Iris-2/230204.bmp,./dataset/MMU-Iris-2/230205.bmp,1
./dataset/MMU-Iris-2/240201.bmp,./dataset/MMU-Iris-2/240202.bmp,1
./dataset/MMU-Iris-2/240201.bmp,./dataset/MMU-Iris-2/240203.bmp,1
./dataset/MMU-Iris-2/240201.bmp,./dataset/MMU-Iris-2/240204.bmp,1
./dataset/MMU-Iris-2/240201.bmp,./dataset/MMU-Iris-2/240205.bmp,1
./dataset/MMU-Iris-2/240202.bmp,./dataset/MMU-Iris-2/240203.bmp,1
./dataset/MMU-Iris-2/240202.bmp,./dataset/MMU-Iris-2/240204.bmp,1
./dataset/MMU-Iris-2/240202.bmp,./dataset/MMU-Iris-2/240205.bmp,1
./dataset/MMU-Iris-2/240203.bmp,./dataset/MMU-Iris-2/240204.bmp,1
./dataset/MMU-Iris-2/240203.bmp,./dataset/MMU-Iris-2/240205.bmp,1
./dataset/MMU-Iris-2/240204.bmp,./dataset/MMU-Iris-2/240205.bmp,1
./dataset/MMU-Iris-2/250201.bmp,./dataset/MMU-Iris-2/250202.bmp,1
./dataset/MMU-Iris-2/250201.bmp,./dataset/MMU-Iris-2/250203.bmp,1
./dataset/MMU-Iris-2/250201.bmp,./dataset/MMU-Iris-2/250204.bmp,1
./dataset/MMU-Iris-2/250201.bmp,./dataset/MMU-Iris-2/250205.bmp,1
./dataset/MMU-Iris-2/250202.bmp,./dataset/MMU-Iris-2/250203.bmp,1
./dataset/MMU-Iris-2/250202.bmp,./dataset/MMU-Iris-2/250204.bmp,1
./dataset/MMU-Iris-2/250202.bmp,./dataset/MMU-Iris-2/250205.bmp,1
./dataset/MMU-Iris-2/250203.bmp,./dataset/MMU-Iris-2/250204.bmp,1
./dataset/MMU-Iris-2/250203.bmp,./dataset/MMU-Iris-2/250205.bmp,1
./dataset/MMU-Iris-2/250204.bmp,./dataset/MMU-Iris-2/250205.bmp,1
./dataset/MMU-Iris-2/260201.bmp,./dataset/MMU-Iris-2/260202.bmp,1
./dataset/MMU-Iris-2/260201.bmp,./dataset/MMU-Iris-2/260203.bmp,1
./dataset/MMU-Iris-2/260201.bmp,./dataset/MMU-Iris-2/260204.bmp,1
./dataset/MMU-Iris-2/260201.bmp,./dataset/MMU-Iris-2/260205.bmp,1
./dataset/MMU-Iris-2/260202.bmp,./dataset/MMU-Iris-2/260203.bmp,1
./dataset/MMU-Iris-2/260202.bmp,./dataset/MMU-Iris-2/260204.bmp,1
./dataset/MMU-Iris-2/260202.bmp,./dataset/MMU-Iris-2/260205.bmp,1
./dataset/MMU-Iris-2/260203.bmp,./dataset/MMU-Iris-2/260204.bmp,1
./dataset/MMU-Iris-2/260203.bmp,./dataset/MMU-Iris-2/260205.bmp,1
./dataset/MMU-Iris-2/260204.bmp,./dataset/MMU-Iris-2/260205.bmp,1
./dataset/MMU-Iris-2/270201.bmp,./dataset/MMU-Iris-2/270202.bmp,1
./dataset/MMU-Iris-2/270201.bmp,./dataset/MMU-Iris-2/270203.bmp,1
./dataset/MMU-Iris-2/270201.bmp,./dataset/MMU-Iris-2/270204.bmp,1
./dataset/MMU-Iris-2/270201.bmp,./dataset/MMU-Iris-2/270205.bmp,1
./dataset/MMU-Iris-2/270202.bmp,./dataset/MMU-Iris-2/270203.bmp,1
./dataset/MMU-Iris-2/270202.bmp,./dataset/MMU-Iris-2/270204.bmp,1
./dataset/MMU-Iris-2/270202.bmp,./dataset/MMU-Iris-2/270205.bmp,1
./dataset/MMU-Iris-2/270203.bmp,./dataset/MMU-Iris-2/270204.bmp,1
./dataset/MMU-Iris-2/270203.bmp,./dataset/MMU-Iris-2/270205.bmp,1
./dataset/MMU-Iris-2/270204.bmp,./dataset/MMU-Iris-2/270205.bmp,1
./dataset/MMU-Iris-2/280201.bmp,./dataset/MMU-Iris-2/280202.bmp,1
./dataset/MMU-Iris-2/280201.bmp,./dataset/MMU-Iris-2/280203.bmp,1
./dataset/MMU-Iris-2/280201.bmp,./dataset/MMU-Iris-2/280204.bmp,1
./dataset/MMU-Iris-2/280201.bmp,./dataset/MMU-Iris-2/280205.bmp,1
./dataset/MMU-Iris-2/280202.bmp,./dataset/MMU-Iris-2/280203.bmp,1
./dataset/MMU-Iris-2/280202.bmp,./dataset/MMU-Iris-2/280204.bmp,1
./dataset/MMU-Iris-2/280202.bmp,./dataset/MMU-Iris-2/280205.bmp,1
./dataset/MMU-Iris-2/280203.bmp,./dataset/MMU-Iris-2/280204.bmp,1
./dataset/MMU-Iris-2/280203.bmp,./dataset/MMU-Iris-2/280205.bmp,1
./dataset/MMU-Iris-2/280204.bmp,./dataset/MMU-Iris-2/280205.bmp,1
./dataset/MMU-Iris-2/290201.bmp,./dataset/MMU-Iris-2/290202.bmp,1
./dataset/MMU-Iris-2/290201.bmp,./dataset/MMU-Iris-2/290203.bmp,1
./dataset/MMU-Iris-2/290201.bmp,./dataset/MMU-Iris-2/290204.bmp,1
./dataset/MMU-Iris-2/290201.bmp,./dataset/MMU-Iris-2/290205.bmp,1
./dataset/MMU-Iris-2/290202.bmp,./dataset/MMU-Iris-2/290203.bmp,1
./dataset/MMU-Iris-2/290202.bmp,./dataset/MMU-Iris-2/290204.bmp,1
./dataset/MMU-Iris-2/290202.bmp,./dataset/MMU-Iris-2/290205.bmp,1
./dataset/MMU-Iris-2/290203.bmp,./dataset/MMU-Iris-2/290204.bmp,1
./dataset/MMU-Iris-2/290203.bmp,./dataset/MMU-Iris-2/290205.bmp,1
./dataset/MMU-Iris-2/290204.bmp,./dataset/MMU-Iris-2/290205.bmp,1
./dataset/MMU-Iris-2/300201.bmp,./dataset/MMU-Iris-2/300202.bmp,1
./dataset/MMU-Iris-2/300201.bmp,./dataset/MMU-Iris-2/300203.bmp,1
./dataset/MMU-Iris-2/300201.bmp,./dataset/MMU-Iris-2/300204.bmp,1
./dataset/MMU-Iris-2/300201.bmp,./dataset/MMU-Iris-2/300205.bmp,1
./dataset/MMU-Iris-2/300202.bmp,./dataset/MMU-Iris-2/300203.bmp,1
./dataset/MMU-Iris-2/300202.bmp,./dataset/MMU-Iris-2/300204.bmp,1
./dataset/MMU-Iris-2/300202.bmp,./dataset/MMU-Iris-2/300205.bmp,1
./dataset/MMU-Iris-2/300203.bmp,./dataset/MMU-Iris-2/300204.bmp,1
./dataset/MMU-Iris-2/300203.bmp,./dataset/MMU-Iris-2/300205.bmp,1
./dataset/MMU-Iris-2/300204.bmp,./dataset/MMU-Iris-2/300205.bmp,1
./dataset/MMU-Iris-2/310201.bmp,./dataset/MMU-Iris-2/310202.bmp,1
./dataset/MMU-Iris-2/310201.bmp,./dataset/MMU-Iris-2/310203.bmp,1
./dataset/MMU-Iris-2/310201.bmp,./dataset/MMU-Iris-2/310204.bmp,1
./dataset/MMU-Iris-2/310201.bmp,./dataset/MMU-Iris-2/310205.bmp,1
./dataset/MMU-Iris-2/310202.bmp,./dataset/MMU-Iris-2/310203.bmp,1
./dataset/MMU-Iris-2/310202.bmp,./dataset/MMU-Iris-2/310204.bmp,1
./dataset/MMU-Iris-2/310202.bmp,./dataset/MMU-Iris-2/310205.bmp,1
./dataset/MMU-Iris-2/310203.bmp,./dataset/MMU-Iris-2/310204.bmp,1
./dataset/MMU-Iris-2/310203.bmp,./dataset/MMU-Iris-2/310205.bmp,1
./dataset/MMU-Iris-2/310204.bmp,./dataset/MMU-Iris-2/310205.bmp,1
./dataset/MMU-Iris-2/320201.bmp,./dataset/MMU-Iris-2/320202.bmp,1
./dataset/MMU-Iris-2/320201.bmp,./dataset/MMU-Iris-2/320203.bmp,1
./dataset/MMU-Iris-2/320201.bmp,./dataset/MMU-Iris-2/320204.bmp,1
./dataset/MMU-Iris-2/320201.bmp,./dataset/MMU-Iris-2/320205.bmp,1
./dataset/MMU-Iris-2/320202.bmp,./dataset/MMU-Iris-2/320203.bmp,1
./dataset/MMU-Iris-2/320202.bmp,./dataset/MMU-Iris-2/320204.bmp,1
./dataset/MMU-Iris-2/320202.bmp,./dataset/MMU-Iris-2/320205.bmp,1
./dataset/MMU-Iris-2/320203.bmp,./dataset/MMU-Iris-2/320204.bmp,1
./dataset/MMU-Iris-2/320203.bmp,./dataset/MMU-Iris-2/320205.bmp,1
./dataset/MMU-Iris-2/320204.bmp,./dataset/MMU-Iris-2/320205.bmp,1
./dataset/MMU-Iris-2/330201.bmp,./dataset/MMU-Iris-2/330202.bmp,1
./dataset/MMU-Iris-2/330201.bmp,./dataset/MMU-Iris-2/330203.bmp,1
./dataset/MMU-Iris-2/330201.bmp,./dataset/MMU-Iris-2/330204.bmp,1
./dataset/MMU-Iris-2/330201.bmp,./dataset/MMU-Iris-2/330205.bmp,1
./dataset/MMU-Iris-2/330202.bmp,./dataset/MMU-Iris-2/330203.bmp,1
./dataset/MMU-Iris-2/330202.bmp,./dataset/MMU-Iris-2/330204.bmp,1
./dataset/MMU-Iris-2/330202.bmp,./dataset/MMU-Iris-2/330205.bmp,1
./dataset/MMU-Iris-2/330203.bmp,./dataset/MMU-Iris-2/330204.bmp,1
./dataset/MMU-Iris-2/330203.bmp,./dataset/MMU-Iris-2/330205.bmp,1
./dataset/MMU-Iris-2/330204.bmp,./dataset/MMU-Iris-2/330205.bmp,1
./dataset/MMU-Iris-2/340201.bmp,./dataset/MMU-Iris-2/340202.bmp,1
./dataset/MMU-Iris-2/340201.bmp,./dataset/MMU-Iris-2/340203.bmp,1
./dataset/MMU-Iris-2/340201.bmp,./dataset/MMU-Iris-2/340204.bmp,1
./dataset/MMU-Iris-2/340201.bmp,./dataset/MMU-Iris-2/340205.bmp,1
./dataset/MMU-Iris-2/340202.bmp,./dataset/MMU-Iris-2/340203.bmp,1
./dataset/MMU-Iris-2/340202.bmp,./dataset/MMU-Iris-2/340204.bmp,1
./dataset/MMU-Iris-2/340202.bmp,./dataset/MMU-Iris-2/340205.bmp,1
./dataset/MMU-Iris-2/340203.bmp,./dataset/MMU-Iris-2/340204.bmp,1
./dataset/MMU-Iris-2/340203.bmp,./dataset/MMU-Iris-2/340205.bmp,1
./dataset/MMU-Iris-2/340204.bmp,./dataset/MMU-Iris-2/340205.bmp,1
./dataset/MMU-Iris-2/350201.bmp,./dataset/MMU-Iris-2/350202.bmp,1
./dataset/MMU-Iris-2/350201.bmp,./dataset/MMU-Iris-2/350203.bmp,1
./dataset/MMU-Iris-2/350201.bmp,./dataset/MMU-Iris-2/350204.bmp,1
./dataset/MMU-Iris-2/350201.bmp,./dataset/MMU-Iris-2/350205.bmp,1
./dataset/MMU-Iris-2/350202.bmp,./dataset/MMU-Iris-2/350203.bmp,1
./dataset/MMU-Iris-2/350202.bmp,./dataset/MMU-Iris-2/350204.bmp,1
./dataset/MMU-Iris-2/350202.bmp,./dataset/MMU-Iris-2/350205.bmp,1
./dataset/MMU-Iris-2/350203.bmp,./dataset/MMU-Iris-2/350204.bmp,1
./dataset/MMU-Iris-2/350203.bmp,./dataset/MMU-Iris-2/350205.bmp,1
./dataset/MMU-Iris-2/350204.bmp,./dataset/MMU-Iris-2/350205.bmp,1
./dataset/MMU-Iris-2/360201.bmp,./dataset/MMU-Iris-2/360202.bmp,1
./dataset/MMU-Iris-2/360201.bmp,./dataset/MMU-Iris-2/360203.bmp,1
./dataset/MMU-Iris-2/360201.bmp,./dataset/MMU-Iris-2/360204.bmp,1
./dataset/MMU-Iris-2/360201.bmp,./dataset/MMU-Iris-2/360205.bmp,1
./dataset/MMU-Iris-2/360202.bmp,./dataset/MMU-Iris-2/360203.bmp,1
./dataset/MMU-Iris-2/360202.bmp,./dataset/MMU-Iris-2/360204.bmp,1
./dataset/MMU-Iris-2/360202.bmp,./dataset/MMU-Iris-2/360205.bmp,1
./dataset/MMU-Iris-2/360203.bmp,./dataset/MMU-Iris-2/360204.bmp,1
./dataset/MMU-Iris-2/360203.bmp,./dataset/MMU-Iris-2/360205.bmp,1
./dataset/MMU-Iris-2/360204.bmp,./dataset/MMU-Iris-2/360205.bmp,1
./dataset/MMU-Iris-2/370201.bmp,./dataset/MMU-Iris-2/370202.bmp,1
./dataset/MMU-Iris-2/370201.bmp,./dataset/MMU-Iris-2/370203.bmp,1
./dataset/MMU-Iris-2/370201.bmp,./dataset/MMU-Iris-2/370204.bmp,1
./dataset/MMU-Iris-2/370201.bmp,./dataset/MMU-Iris-2/370205.bmp,1
./dataset/MMU-Iris-2/370202.bmp,./dataset/MMU-Iris-2/370203.bmp,1
./dataset/MMU-Iris-2/370202.bmp,./dataset/MMU-Iris-2/370204.bmp,1
./dataset/MMU-Iris-2/370202.bmp,./dataset/MMU-Iris-2/370205.bmp,1
./dataset/MMU-Iris-2/370203.bmp,./dataset/MMU-Iris-2/370204.bmp,1
./dataset/MMU-Iris-2/370203.bmp,./dataset/MMU-Iris-2/370205.bmp,1
./dataset/MMU-Iris-2/370204.bmp,./dataset/MMU-Iris-2/370205.bmp,1
./dataset/MMU-Iris-2/380201.bmp,./dataset/MMU-Iris-2/380202.bmp,1
./dataset/MMU-Iris-2/380201.bmp,./dataset/MMU-Iris-2/380203.bmp,1
./dataset/MMU-Iris-2/380201.bmp,./dataset/MMU-Iris-2/380204.bmp,1
./dataset/MMU-Iris-2/380201.bmp,./dataset/MMU-Iris-2/380205.bmp,1
./dataset/MMU-Iris-2/380202.bmp,./dataset/MMU-Iris-2/380203.bmp,1
./dataset/MMU-Iris-2/380202.bmp,./dataset/MMU-Iris-2/380204.bmp,1
./dataset/MMU-Iris-2/380202.bmp,./dataset/MMU-Iris-2/380205.bmp,1
./dataset/MMU-Iris-2/380203.bmp,./dataset/MMU-Iris-2/380204.bmp,1
./dataset/MMU-Iris-2/380203.bmp,./dataset/MMU-Iris-2/380205.bmp,1
./dataset/MMU-Iris-2/380204.bmp,./dataset/MMU-Iris-2/380205.bmp,1
./dataset/MMU-Iris-2/390201.bmp,./dataset/MMU-Iris-2/390202.bmp,1
./dataset/MMU-Iris-2/390201.bmp,./dataset/MMU-Iris-2/390203.bmp,1
./dataset/MMU-Iris-2/390201.bmp,./dataset/MMU-Iris-2/390204.bmp,1
./dataset/MMU-Iris-2/390201.bmp,./dataset/MMU-Iris-2/390205.bmp,1
./dataset/MMU-Iris-2/390202.bmp,./dataset/MMU-Iris-2/390203.bmp,1
./dataset/MMU-Iris-2/390202.bmp,./dataset/MMU-Iris-2/390204.bmp,1
./dataset/MMU-Iris-2/390202.bmp,./dataset/MMU-Iris-2/390205.bmp,1
./dataset/MMU-Iris-2/390203.bmp,./dataset/MMU-Iris-2/390204.bmp,1
./dataset/MMU-Iris-2/390203.bmp,./dataset/MMU-Iris-2/390205.bmp,1
./dataset/MMU-Iris-2/390204.bmp,./dataset/MMU-Iris-2/390205.bmp,1
./dataset/MMU-Iris-2/400201.bmp,./dataset/MMU-Iris-2/400202.bmp,1
./dataset/MMU-Iris-2/400201.bmp,./dataset/MMU-Iris-2/400203.bmp,1
./dataset/MMU-Iris-2/400201.bmp,./dataset/MMU-Iris-2/400204.bmp,1
./dataset/MMU-Iris-2/400201.bmp,./dataset/MMU-Iris-2/400205.bmp,1
./dataset/MMU-Iris-2/400202.bmp,./dataset/MMU-Iris-2/400203.bmp,1
./dataset/MMU-Iris-2/400202.bmp,./dataset/MMU-Iris-2/400204.bmp,1
./dataset/MMU-Iris-2/400202.bmp,./dataset/MMU-Iris-2/400205.bmp,1
./dataset/MMU-Iris-2/400203.bmp,./dataset/MMU-Iris-2/400204.bmp,1
./dataset/MMU-Iris-2/400203.bmp,./dataset/MMU-Iris-2/400205.bmp,1
./dataset/MMU-Iris-2/400204.bmp,./dataset/MMU-Iris-2/400205.bmp,1
./dataset/MMU-Iris-2/410201.bmp,./dataset/MMU-Iris-2/410202.bmp,1
./dataset/MMU-Iris-2/410201.bmp,./dataset/MMU-Iris-2/410203.bmp,1
./dataset/MMU-Iris-2/410201.bmp,./dataset/MMU-Iris-2/410204.bmp,1
./dataset/MMU-Iris-2/410201.bmp,./dataset/MMU-Iris-2/410205.bmp,1
./dataset/MMU-Iris-2/410202.bmp,./dataset/MMU-Iris-2/410203.bmp,1
./dataset/MMU-Iris-2/410202.bmp,./dataset/MMU-Iris-2/410204.bmp,1
./dataset/MMU-Iris-2/410202.bmp,./dataset/MMU-Iris-2/410205.bmp,1
./dataset/MMU-Iris-2/410203.bmp,./dataset/MMU-Iris-2/410204.bmp,1
./dataset/MMU-Iris-2/410203.bmp,./dataset/MMU-Iris-2/410205.bmp,1
./dataset/MMU-Iris-2/410204.bmp,./dataset/MMU-Iris-2/410205.bmp,1
./dataset/MMU-Iris-2/420201.bmp,./dataset/MMU-Iris-2/420202.bmp,1
./dataset/MMU-Iris-2/420201.bmp,./dataset/MMU-Iris-2/420203.bmp,1
./dataset/MMU-Iris-2/420201.bmp,./dataset/MMU-Iris-2/420204.bmp,1
./dataset/MMU-Iris-2/420201.bmp,./dataset/MMU-Iris-2/420205.bmp,1
./dataset/MMU-Iris-2/420202.bmp,./dataset/MMU-Iris-2/420203.bmp,1
./dataset/MMU-Iris-2/420202.bmp,./dataset/MMU-Iris-2/420204.bmp,1
./dataset/MMU-Iris-2/420202.bmp,./dataset/MMU-Iris-2/420205.bmp,1
./dataset/MMU-Iris-2/420203.bmp,./dataset/MMU-Iris-2/420204.bmp,1
./dataset/MMU-Iris-2/420203.bmp,./dataset/MMU-Iris-2/420205.bmp,1
./dataset/MMU-Iris-2/420204.bmp,./dataset/MMU-Iris-2/420205.bmp,1
./dataset/MMU-Iris-2/430201.bmp,./dataset/MMU-Iris-2/430202.bmp,1
./dataset/MMU-Iris-2/430201.bmp,./dataset/MMU-Iris-2/430203.bmp,1
./dataset/MMU-Iris-2/430201.bmp,./dataset/MMU-Iris-2/430204.bmp,1
./dataset/MMU-Iris-2/430201.bmp,./dataset/MMU-Iris-2/430205.bmp,1
./dataset/MMU-Iris-2/430202.bmp,./dataset/MMU-Iris-2/430203.bmp,1
./dataset/MMU-Iris-2/430202.bmp,./dataset/MMU-Iris-2/430204.bmp,1
./dataset/MMU-Iris-2/430202.bmp,./dataset/MMU-Iris-2/430205.bmp,1
./dataset/MMU-Iris-2/430203.bmp,./dataset/MMU-Iris-2/430204.bmp,1
./dataset/MMU-Iris-2/430203.bmp,./dataset/MMU-Iris-2/430205.bmp,1
./dataset/MMU-Iris-2/430204.bmp,./dataset/MMU-Iris-2/430205.bmp,1
./dataset/MMU-Iris-2/440201.bmp,./dataset/MMU-Iris-2/440202.bmp,1
./dataset/MMU-Iris-2/440201.bmp,./dataset/MMU-Iris-2/440203.bmp,1
./dataset/MMU-Iris-2/440201.bmp,./dataset/MMU-Iris-2/440204.bmp,1
./dataset/MMU-Iris-2/440201.bmp,./dataset/MMU-Iris-2/440205.bmp,1
./dataset/MMU-Iris-2/440202.bmp,./dataset/MMU-Iris-2/440203.bmp,1
./dataset/MMU-Iris-2/440202.bmp,./dataset/MMU-Iris-2/440204.bmp,1
./dataset/MMU-Iris-2/440202.bmp,./dataset/MMU-Iris-2/440205.bmp,1
./dataset/MMU-Iris-2/440203.bmp,./dataset/MMU-Iris-2/440204.bmp,1
./dataset/MMU-Iris-2/440203.bmp,./dataset/MMU-Iris-2/440205.bmp,1
./dataset/MMU-Iris-2/440204.bmp,./dataset/MMU-Iris-2/440205.bmp,1
./dataset/MMU-Iris-2/450201.bmp,./dataset/MMU-Iris-2/450202.bmp,1
./dataset/MMU-Iris-2/450201.bmp,./dataset/MMU-Iris-2/450203.bmp,1
./dataset/MMU-Iris-2/450201.bmp,./dataset/MMU-Iris-2/450204.bmp,1
./dataset/MMU-Iris-2/450201.bmp,./dataset/MMU-Iris-2/450205.bmp,1
./dataset/MMU-Iris-2/450202.bmp,./dataset/MMU-Iris-2/450203.bmp,1
./dataset/MMU-Iris-2/450202.bmp,./dataset/MMU-Iris-2/450204.bmp,1
./dataset/MMU-Iris-2/450202.bmp,./dataset/MMU-Iris-2/450205.bmp,1
./dataset/MMU-Iris-2/450203.bmp,./dataset/MMU-Iris-2/450204.bmp,1
./dataset/MMU-Iris-2/450203.bmp,./dataset/MMU-Iris-2/450205.bmp,1
./dataset/MMU-Iris-2/450204.bmp,./dataset/MMU-Iris-2/450205.bmp,1
./dataset/MMU-Iris-2/460201.bmp,./dataset/MMU-Iris-2/460202.bmp,1
./dataset/MMU-Iris-2/460201.bmp,./dataset/MMU-Iris-2/460203.bmp,1
./dataset/MMU-Iris-2/460201.bmp,./dataset/MMU-Iris-2/460204.bmp,1
./dataset/MMU-Iris-2/460201.bmp,./dataset/MMU-Iris-2/460205.bmp,1
./dataset/MMU-Iris-2/460202.bmp,./dataset/MMU-Iris-2/460203.bmp,1
./dataset/MMU-Iris-2/460202.bmp,./dataset/MMU-Iris-2/460204.bmp,1
./dataset/MMU-Iris-2/460202.bmp,./dataset/MMU-Iris-2/460205.bmp,1
./dataset/MMU-Iris-2/460203.bmp,./dataset/MMU-Iris-2/460204.bmp,1
./dataset/MMU-Iris-2/460203.bmp,./dataset/MMU-Iris-2/460205.bmp,1
./dataset/MMU-Iris-2/460204.bmp,./dataset/MMU-Iris-2/460205.bmp,1
./dataset/MMU-Iris-2/470201.bmp,./dataset/MMU-Iris-2/470202.bmp,1
./dataset/MMU-Iris-2/470201.bmp,./dataset/MMU-Iris-2/470203.bmp,1
./dataset/MMU-Iris-2/470201.bmp,./dataset/MMU-Iris-2/470204.bmp,1
./dataset/MMU-Iris-2/470201.bmp,./dataset/MMU-Iris-2/470205.bmp,1
./dataset/MMU-Iris-2/470202.bmp,./dataset/MMU-Iris-2/470203.bmp,1
./dataset/MMU-Iris-2/470202.bmp,./dataset/MMU-Iris-2/470204.bmp,1
./dataset/MMU-Iris-2/470202.bmp,./dataset/MMU-Iris-2/470205.bmp,1
./dataset/MMU-Iris-2/470203.bmp,./dataset/MMU-Iris-2/470204.bmp,1
./dataset/MMU-Iris-2/470203.bmp,./dataset/MMU-Iris-2/470205.bmp,1
./dataset/MMU-Iris-2/470204.bmp,./dataset/MMU-Iris-2/470205.bmp,1
./dataset/MMU-Iris-2/480201.bmp,./dataset/MMU-Iris-2/480202.bmp,1
./dataset/MMU-Iris-2/480201.bmp,./dataset/MMU-Iris-2/480203.bmp,1
./dataset/MMU-Iris-2/480201.bmp,./dataset/MMU-Iris-2/480204.bmp,1
./dataset/MMU-Iris-2/480201.bmp,./dataset/MMU-Iris-2/480205.bmp,1
./dataset/MMU-Iris-2/480202.bmp,./dataset/MMU-Iris-2/480203.bmp,1
./dataset/MMU-Iris-2/480202.bmp,./dataset/MMU-Iris-2/480204.bmp,1
./dataset/MMU-Iris-2/480202.bmp,./dataset/MMU-Iris-2/480205.bmp,1
./dataset/MMU-Iris-2/480203.bmp,./dataset/MMU-Iris-2/480204.bmp,1
./dataset/MMU-Iris-2/480203.bmp,./dataset/MMU-Iris-2/480205.bmp,1
./dataset/MMU-Iris-2/480204.bmp,./dataset/MMU-Iris-2/480205.bmp,1
./dataset/MMU-Iris-2/490201.bmp,./dataset/MMU-Iris-2/490202.bmp,1
./dataset/MMU-Iris-2/490201.bmp,./dataset/MMU-Iris-2/490203.bmp,1
./dataset/MMU-Iris-2/490201.bmp,./dataset/MMU-Iris-2/490204.bmp,1
./dataset/MMU-Iris-2/490201.bmp,./dataset/MMU-Iris-2/490205.bmp,1
./dataset/MMU-Iris-2/490202.bmp,./dataset/MMU-Iris-2/490203.bmp,1
./dataset/MMU-Iris-2/490202.bmp,./dataset/MMU-Iris-2/490204.bmp,1
./dataset/MMU-Iris-2/490202.bmp,./dataset/MMU-Iris-2/490205.bmp,1
./dataset/MMU-Iris-2/490203.bmp,./dataset/MMU-Iris-2/490204.bmp,1
./dataset/MMU-Iris-2/490203.bmp,./dataset/MMU-Iris-2/490205.bmp,1
./dataset/MMU-Iris-2/490204.bmp,./dataset/MMU-Iris-2/490205.bmp,1
./dataset/MMU-Iris-2/500201.bmp,./dataset/MMU-Iris-2/500202.bmp,1
./dataset/MMU-Iris-2/500201.bmp,./dataset/MMU-Iris-2/500203.bmp,1
./dataset/MMU-Iris-2/500201.bmp,./dataset/MMU-Iris-2/500204.bmp,1
./dataset/MMU-Iris-2/500201.bmp,./dataset/MMU-Iris-2/500205.bmp,1
./dataset/MMU-Iris-2/500202.bmp,./dataset/MMU-Iris-2/500203.bmp,1
./dataset/MMU-Iris-2/500202.bmp,./dataset/MMU-Iris-2/500204.bmp,1
./dataset/MMU-Iris-2/500202.bmp,./dataset/MMU-Iris-2/500205.bmp,1
./dataset/MMU-Iris-2/500203.bmp,./dataset/MMU-Iris-2/500204.bmp,1
./dataset/MMU-Iris-2/500203.bmp,./dataset/MMU-Iris-2/500205.bmp,1
./dataset/MMU-Iris-2/500204.bmp,./dataset/MMU-Iris-2/500205.bmp,1
./dataset/MMU-Iris-2/510201.bmp,./dataset/MMU-Iris-2/510202.bmp,1
./dataset/MMU-Iris-2/510201.bmp,./dataset/MMU-Iris-2/510203.bmp,1
./dataset/MMU-Iris-2/510201.bmp,./dataset/MMU-Iris-2/510204.bmp,1
./dataset/MMU-Iris-2/510201.bmp,./dataset/MMU-Iris-2/510205.bmp,1
./dataset/MMU-Iris-2/510202.bmp,./dataset/MMU-Iris-2/510203.bmp,1
./dataset/MMU-Iris-2/510202.bmp,./dataset/MMU-Iris-2/510204.bmp,1
./dataset/MMU-Iris-2/510202.bmp,./dataset/MMU-Iris-2/510205.bmp,1
./dataset/MMU-Iris-2/510203.bmp,./dataset/MMU-Iris-2/510204.bmp,1
./dataset/MMU-Iris-2/510203.bmp,./dataset/MMU-Iris-2/510205.bmp,1
./dataset/MMU-Iris-2/510204.bmp,./dataset/MMU-Iris-2/510205.bmp,1
./dataset/MMU-Iris-2/520201.bmp,./dataset/MMU-Iris-2/520202.bmp,1
./dataset/MMU-Iris-2/520201.bmp,./dataset/MMU-Iris-2/520203.bmp,1
./dataset/MMU-Iris-2/520201.bmp,./dataset/MMU-Iris-2/520204.bmp,1
./dataset/MMU-Iris-2/520201.bmp,./dataset/MMU-Iris-2/520205.bmp,1
./dataset/MMU-Iris-2/520202.bmp,./dataset/MMU-Iris-2/520203.bmp,1
./dataset/MMU-Iris-2/520202.bmp,./dataset/MMU-Iris-2/520204.bmp,1
./dataset/MMU-Iris-2/520202.bmp,./dataset/MMU-Iris-2/520205.bmp,1
./dataset/MMU-Iris-2/520203.bmp,./dataset/MMU-Iris-2/520204.bmp,1
./dataset/MMU-Iris-2/520203.bmp,./dataset/MMU-Iris-2/520205.bmp,1
./dataset/MMU-Iris-2/520204.bmp,./dataset/MMU-Iris-2/520205.bmp,1
./dataset/MMU-Iris-2/530201.bmp,./dataset/MMU-Iris-2/530202.bmp,1
./dataset/MMU-Iris-2/530201.bmp,./dataset/MMU-Iris-2/530203.bmp,1
./dataset/MMU-Iris-2/530201.bmp,./dataset/MMU-Iris-2/530204.bmp,1
./dataset/MMU-Iris-2/530201.bmp,./dataset/MMU-Iris-2/530205.bmp,1
./dataset/MMU-Iris-2/530202.bmp,./dataset/MMU-Iris-2/530203.bmp,1
./dataset/MMU-Iris-2/530202.bmp,./dataset/MMU-Iris-2/530204.bmp,1
./dataset/MMU-Iris-2/530202.bmp,./dataset/MMU-Iris-2/530205.bmp,1
./dataset/MMU-Iris-2/530203.bmp,./dataset/MMU-Iris-2/530204.bmp,1
./dataset/MMU-Iris-2/530203.bmp,./dataset/MMU-Iris-2/530205.bmp,1
./dataset/MMU-Iris-2/530204.bmp,./dataset/MMU-Iris-2/530205.bmp,1
./dataset/MMU-Iris-2/540201.bmp,./dataset/MMU-Iris-2/540202.bmp,1
./dataset/MMU-Iris-2/540201.bmp,./dataset/MMU-Iris-2/540203.bmp,1
./dataset/MMU-Iris-2/540201.bmp,./dataset/MMU-Iris-2/540204.bmp,1
./dataset/MMU-Iris-2/540201.bmp,./dataset/MMU-Iris-2/540205.bmp,1
./dataset/MMU-Iris-2/540202.bmp,./dataset/MMU-Iris-2/540203.bmp,1
./dataset/MMU-Iris-2/540202.bmp,./dataset/MMU-Iris-2/540204.bmp,1
./dataset/MMU-Iris-2/540202.bmp,./dataset/MMU-Iris-2/540205.bmp,1
./dataset/MMU-Iris-2/540203.bmp,./dataset/MMU-Iris-2/540204.bmp,1
./dataset/MMU-Iris-2/540203.bmp,./dataset/MMU-Iris-2/540205.bmp,1
./dataset/MMU-Iris-2/540204.bmp,./dataset/MMU-Iris-2/540205.bmp,1
./dataset/MMU-Iris-2/550201.bmp,./dataset/MMU-Iris-2/550202.bmp,1
./dataset/MMU-Iris-2/550201.bmp,./dataset/MMU-Iris-2/550203.bmp,1
./dataset/MMU-Iris-2/550201.bmp,./dataset/MMU-Iris-2/550204.bmp,1
./dataset/MMU-Iris-2/550201.bmp,./dataset/MMU-Iris-2/550205.bmp,1
./dataset/MMU-Iris-2/550202.bmp,./dataset/MMU-Iris-2/550203.bmp,1
./dataset/MMU-Iris-2/550202.bmp,./dataset/MMU-Iris-2/550204.bmp,1
./dataset/MMU-Iris-2/550202.bmp,./dataset/MMU-Iris-2/550205.bmp,1
./dataset/MMU-Iris-2/550203.bmp,./dataset/MMU-Iris-2/550204.bmp,1
./dataset/MMU-Iris-2/550203.bmp,./dataset/MMU-Iris-2/550205.bmp,1
./dataset/MMU-Iris-2/550204.bmp,./dataset/MMU-Iris-2/550205.bmp,1
./dataset/MMU-Iris-2/560201.bmp,./dataset/MMU-Iris-2/560202.bmp,1
./dataset/MMU-Iris-2/560201.bmp,./dataset/MMU-Iris-2/560203.bmp,1
./dataset/MMU-Iris-2/560201.bmp,./dataset/MMU-Iris-2/560204.bmp,1
./dataset/MMU-Iris-2/560201.bmp,./dataset/MMU-Iris-2/560205.bmp,1
./dataset/MMU-Iris-2/560202.bmp,./dataset/MMU-Iris-2/560203.bmp,1
./dataset/MMU-Iris-2/560202.bmp,./dataset/MMU-Iris-2/560204.bmp,1
./dataset/MMU-Iris-2/560202.bmp,./dataset/MMU-Iris-2/560205.bmp,1
./dataset/MMU-Iris-2/560203.bmp,./dataset/MMU-Iris-2/560204.bmp,1
./dataset/MMU-Iris-2/560203.bmp,./dataset/MMU-Iris-2/560205.bmp,1
./dataset/MMU-Iris-2/560204.bmp,./dataset/MMU-Iris-2/560205.bmp,1
./dataset/MMU-Iris-2/570201.bmp,./dataset/MMU-Iris-2/570202.bmp,1
./dataset/MMU-Iris-2/570201.bmp,./dataset/MMU-Iris-2/570203.bmp,1
./dataset/MMU-Iris-2/570201.bmp,./dataset/MMU-Iris-2/570204.bmp,1
./dataset/MMU-Iris-2/570201.bmp,./dataset/MMU-Iris-2/570205.bmp,1
./dataset/MMU-Iris-2/570202.bmp,./dataset/MMU-Iris-2/570203.bmp,1
./dataset/MMU-Iris-2/570202.bmp,./dataset/MMU-Iris-2/570204.bmp,1
./dataset/MMU-Iris-2/570202.bmp,./dataset/MMU-Iris-2/570205.bmp,1
./dataset/MMU-Iris-2/570203.bmp,./dataset/MMU-Iris-2/570204.bmp,1
./dataset/MMU-Iris-2/570203.bmp,./dataset/MMU-Iris-2/570205.bmp,1
./dataset/MMU-Iris-2/570204.bmp,./dataset/MMU-Iris-2/570205.bmp,1
./dataset/MMU-Iris-2/580201.bmp,./dataset/MMU-Iris-2/580202.bmp,1
./dataset/MMU-Iris-2/580201.bmp,./dataset/MMU-Iris-2/580203.bmp,1
./dataset/MMU-Iris-2/580201.bmp,./dataset/MMU-Iris-2/580204.bmp,1
./dataset/MMU-Iris-2/580201.bmp,./dataset/MMU-Iris-2/580205.bmp,1
./dataset/MMU-Iris-2/580202.bmp,./dataset/MMU-Iris-2/580203.bmp,1
./dataset/MMU-Iris-2/580202.bmp,./dataset/MMU-Iris-2/580204.bmp,1
./dataset/MMU-Iris-2/580202.bmp,./dataset/MMU-Iris-2/580205.bmp,1
./dataset/MMU-Iris-2/580203.bmp,./dataset/MMU-Iris-2/580204.bmp,1
./dataset/MMU-Iris-2/580203.bmp,./dataset/MMU-Iris-2/580205.bmp,1
./dataset/MMU-Iris-2/580204.bmp,./dataset/MMU-Iris-2/580205.bmp,1
./dataset/MMU-Iris-2/590201.bmp,./dataset/MMU-Iris-2/590202.bmp,1
./dataset/MMU-Iris-2/590201.bmp,./dataset/MMU-Iris-2/590203.bmp,1
./dataset/MMU-Iris-2/590201.bmp,./dataset/MMU-Iris-2/590204.bmp,1
./dataset/MMU-Iris-2/590201.bmp,./dataset/MMU-Iris-2/590205.bmp,1
./dataset/MMU-Iris-2/590202.bmp,./dataset/MMU-Iris-2/590203.bmp,1
./dataset/MMU-Iris-2/590202.bmp,./dataset/MMU-Iris-2/590204.bmp,1
./dataset/MMU-Iris-2/590202.bmp,./dataset/MMU-Iris-2/590205.bmp,1
./dataset/MMU-Iris-2/590203.bmp,./dataset/MMU-Iris-2/590204.bmp,1
./dataset/MMU-Iris-2/590203.bmp,./dataset/MMU-Iris-2/590205.bmp,1
./dataset/MMU-Iris-2/590204.bmp,./dataset/MMU-Iris-2/590205.bmp,1
./dataset/MMU-Iris-2/600201.bmp,./dataset/MMU-Iris-2/600202.bmp,1
./dataset/MMU-Iris-2/600201.bmp,./dataset/MMU-Iris-2/600203.bmp,1
./dataset/MMU-Iris-2/600201.bmp,./dataset/MMU-Iris-2/600204.bmp,1
./dataset/MMU-Iris-2/600201.bmp,./dataset/MMU-Iris-2/600205.bmp,1
./dataset/MMU-Iris-2/600202.bmp,./dataset/MMU-Iris-2/600203.bmp,1
./dataset/MMU-Iris-2/600202.bmp,./dataset/MMU-Iris-2/600204.bmp,1
./dataset/MMU-Iris-2/600202.bmp,./dataset/MMU-Iris-2/600205.bmp,1
./dataset/MMU-Iris-2/600203.bmp,./dataset/MMU-Iris-2/600204.bmp,1
./dataset/MMU-Iris-2/600203.bmp,./dataset/MMU-Iris-2/600205.bmp,1
./dataset/MMU-Iris-2/600204.bmp,./dataset/MMU-Iris-2/600205.bmp,1
./dataset/MMU-Iris-2/610201.bmp,./dataset/MMU-Iris-2/610202.bmp,1
./dataset/MMU-Iris-2/610201.bmp,./dataset/MMU-Iris-2/610203.bmp,1
./dataset/MMU-Iris-2/610201.bmp,./dataset/MMU-Iris-2/610204.bmp,1
./dataset/MMU-Iris-2/610201.bmp,./dataset/MMU-Iris-2/610205.bmp,1
./dataset/MMU-Iris-2/610202.bmp,./dataset/MMU-Iris-2/610203.bmp,1
./dataset/MMU-Iris-2/610202.bmp,./dataset/MMU-Iris-2/610204.bmp,1
./dataset/MMU-Iris-2/610202.bmp,./dataset/MMU-Iris-2/610205.bmp,1
./dataset/MMU-Iris-2/610203.bmp,./dataset/MMU-Iris-2/610204.bmp,1
./dataset/MMU-Iris-2/610203.bmp,./dataset/MMU-Iris-2/610205.bmp,1
./dataset/MMU-Iris-2/610204.bmp,./dataset/MMU-Iris-2/610205.bmp,1
./dataset/MMU-Iris-2/620201.bmp,./dataset/MMU-Iris-2/620202.bmp,1
./dataset/MMU-Iris-2/620201.bmp,./dataset/MMU-Iris-2/620203.bmp,1
./dataset/MMU-Iris-2/620201.bmp,./dataset/MMU-Iris-2/620204.bmp,1
./dataset/MMU-Iris-2/620201.bmp,./dataset/MMU-Iris-2/620205.bmp,1
./dataset/MMU-Iris-2/620202.bmp,./dataset/MMU-Iris-2/620203.bmp,1
./dataset/MMU-Iris-2/620202.bmp,./dataset/MMU-Iris-2/620204.bmp,1
./dataset/MMU-Iris-2/620202.bmp,./dataset/MMU-Iris-2/620205.bmp,1
./dataset/MMU-Iris-2/620203.bmp,./dataset/MMU-Iris-2/620204.bmp,1
./dataset/MMU-Iris-2/620203.bmp,./dataset/MMU-Iris-2/620205.bmp,1
./dataset/MMU-Iris-2/620204.bmp,./dataset/MMU-Iris-2/620205.bmp,1
./dataset/MMU-Iris-2/630201.bmp,./dataset/MMU-Iris-2/630202.bmp,1
./dataset/MMU-Iris-2/630201.bmp,./dataset/MMU-Iris-2/630203.bmp,1
./dataset/MMU-Iris-2/630201.bmp,./dataset/MMU-Iris-2/630204.bmp,1
./dataset/MMU-Iris-2/630201.bmp,./dataset/MMU-Iris-2/630205.bmp,1
./dataset/MMU-Iris-2/630202.bmp,./dataset/MMU-Iris-2/630203.bmp,1
./dataset/MMU-Iris-2/630202.bmp,./dataset/MMU-Iris-2/630204.bmp,1
./dataset/MMU-Iris-2/630202.bmp,./dataset/MMU-Iris-2/630205.bmp,1
./dataset/MMU-Iris-2/630203.bmp,./dataset/MMU-Iris-2/630204.bmp,1
./dataset/MMU-Iris-2/630203.bmp,./dataset/MMU-Iris-2/630205.bmp,1
./dataset/MMU-Iris-2/630204.bmp,./dataset/MMU-Iris-2/630205.bmp,1
./dataset/MMU-Iris-2/640201.bmp,./dataset/MMU-Iris-2/640202.bmp,1
./dataset/MMU-Iris-2/640201.bmp,./dataset/MMU-Iris-2/640203.bmp,1
./dataset/MMU-Iris-2/640201.bmp,./dataset/MMU-Iris-2/640204.bmp,1
./dataset/MMU-Iris-2/640201.bmp,./dataset/MMU-Iris-2/640205.bmp,1
./dataset/MMU-Iris-2/640202.bmp,./dataset/MMU-Iris-2/640203.bmp,1
./dataset/MMU-Iris-2/640202.bmp,./dataset/MMU-Iris-2/640204.bmp,1
./dataset/MMU-Iris-2/640202.bmp,./dataset/MMU-Iris-2/640205.bmp,1
./dataset/MMU-Iris-2/640203.bmp,./dataset/MMU-Iris-2/640204.bmp,1
./dataset/MMU-Iris-2/640203.bmp,./dataset/MMU-Iris-2/640205.bmp,1
./dataset/MMU-Iris-2/640204.bmp,./dataset/MMU-Iris-2/640205.bmp,1
./dataset/MMU-Iris-2/650201.bmp,./dataset/MMU-Iris-2/650202.bmp,1
./dataset/MMU-Iris-2/650201.bmp,./dataset/MMU-Iris-2/650203.bmp,1
./dataset/MMU-Iris-2/650201.bmp,./dataset/MMU-Iris-2/650204.bmp,1
./dataset/MMU-Iris-2/650201.bmp,./dataset/MMU-Iris-2/650205.bmp,1
./dataset/MMU-Iris-2/650202.bmp,./dataset/MMU-Iris-2/650203.bmp,1
./dataset/MMU-Iris-2/650202.bmp,./dataset/MMU-Iris-2/650204.bmp,1
./dataset/MMU-Iris-2/650202.bmp,./dataset/MMU-Iris-2/650205.bmp,1
./dataset/MMU-Iris-2/650203.bmp,./dataset/MMU-Iris-2/650204.bmp,1
./dataset/MMU-Iris-2/650203.bmp,./dataset/MMU-Iris-2/650205.bmp,1
./dataset/MMU-Iris-2/650204.bmp,./dataset/MMU-Iris-2/650205.bmp,1
./dataset/MMU-Iris-2/660201.bmp,./dataset/MMU-Iris-2/660202.bmp,1
./dataset/MMU-Iris-2/660201.bmp,./dataset/MMU-Iris-2/660203.bmp,1
./dataset/MMU-Iris-2/660201.bmp,./dataset/MMU-Iris-2/660204.bmp,1
./dataset/MMU-Iris-2/660201.bmp,./dataset/MMU-Iris-2/660205.bmp,1
./dataset/MMU-Iris-2/660202.bmp,./dataset/MMU-Iris-2/660203.bmp,1
./dataset/MMU-Iris-2/660202.bmp,./dataset/MMU-Iris-2/660204.bmp,1
./dataset/MMU-Iris-2/660202.bmp,./dataset/MMU-Iris-2/660205.bmp,1
./dataset/MMU-Iris-2/660203.bmp,./dataset/MMU-Iris-2/660204.bmp,1
./dataset/MMU-Iris-2/660203.bmp,./dataset/MMU-Iris-2/660205.bmp,1
./dataset/MMU-Iris-2/660204.bmp,./dataset/MMU-Iris-2/660205.bmp,1
./dataset/MMU-Iris-2/670201.bmp,./dataset/MMU-Iris-2/670202.bmp,1
./dataset/MMU-Iris-2/670201.bmp,./dataset/MMU-Iris-2/670203.bmp,1
./dataset/MMU-Iris-2/670201.bmp,./dataset/MMU-Iris-2/670204.bmp,1
./dataset/MMU-Iris-2/670201.bmp,./dataset/MMU-Iris-2/670205.bmp,1
./dataset/MMU-Iris-2/670202.bmp,./dataset/MMU-Iris-2/670203.bmp,1
./dataset/MMU-Iris-2/670202.bmp,./dataset/MMU-Iris-2/670204.bmp,1
./dataset/MMU-Iris-2/670202.bmp,./dataset/MMU-Iris-2/670205.bmp,1
./dataset/MMU-Iris-2/670203.bmp,./dataset/MMU-Iris-2/670204.bmp,1
./dataset/MMU-Iris-2/670203.bmp,./dataset/MMU-Iris-2/670205.bmp,1
./dataset/MMU-Iris-2/670204.bmp,./dataset/MMU-Iris-2/670205.bmp,1
./dataset/MMU-Iris-2/680201.bmp,./dataset/MMU-Iris-2/680202.bmp,1
./dataset/MMU-Iris-2/680201.bmp,./dataset/MMU-Iris-2/680203.bmp,1
./dataset/MMU-Iris-2/680201.bmp,./dataset/MMU-Iris-2/680204.bmp,1
./dataset/MMU-Iris-2/680201.bmp,./dataset/MMU-Iris-2/680205.bmp,1
./dataset/MMU-Iris-2/680202.bmp,./dataset/MMU-Iris-2/680203.bmp,1
./dataset/MMU-Iris-2/680202.bmp,./dataset/MMU-Iris-2/680204.bmp,1
./dataset/MMU-Iris-2/680202.bmp,./dataset/MMU-Iris-2/680205.bmp,1
./dataset/MMU-Iris-2/680203.bmp,./dataset/MMU-Iris-2/680204.bmp,1
./dataset/MMU-Iris-2/680203.bmp,./dataset/MMU-Iris-2/680205.bmp,1
./dataset/MMU-Iris-2/680204.bmp,./dataset/MMU-Iris-2/680205.bmp,1
./dataset/MMU-Iris-2/690201.bmp,./dataset/MMU-Iris-2/690202.bmp,1
./dataset/MMU-Iris-2/690201.bmp,./dataset/MMU-Iris-2/690203.bmp,1
./dataset/MMU-Iris-2/690201.bmp,./dataset/MMU-Iris-2/690204.bmp,1
./dataset/MMU-Iris-2/690201.bmp,./dataset/MMU-Iris-2/690205.bmp,1
./dataset/MMU-Iris-2/690202.bmp,./dataset/MMU-Iris-2/690203.bmp,1
./dataset/MMU-Iris-2/690202.bmp,./dataset/MMU-Iris-2/690204.bmp,1
./dataset/MMU-Iris-2/690202.bmp,./dataset/MMU-Iris-2/690205.bmp,1
./dataset/MMU-Iris-2/690203.bmp,./dataset/MMU-Iris-2/690204.bmp,1
./dataset/MMU-Iris-2/690203.bmp,./dataset/MMU-Iris-2/690205.bmp,1
./dataset/MMU-Iris-2/690204.bmp,./dataset/MMU-Iris-2/690205.bmp,1
./dataset/MMU-Iris-2/700201.bmp,./dataset/MMU-Iris-2/700202.bmp,1
./dataset/MMU-Iris-2/700201.bmp,./dataset/MMU-Iris-2/700203.bmp,1
./dataset/MMU-Iris-2/700201.bmp,./dataset/MMU-Iris-2/700204.bmp,1
./dataset/MMU-Iris-2/700201.bmp,./dataset/MMU-Iris-2/700205.bmp,1
./dataset/MMU-Iris-2/700202.bmp,./dataset/MMU-Iris-2/700203.bmp,1
./dataset/MMU-Iris-2/700202.bmp,./dataset/MMU-Iris-2/700204.bmp,1
./dataset/MMU-Iris-2/700202.bmp,./dataset/MMU-Iris-2/700205.bmp,1
./dataset/MMU-Iris-2/700203.bmp,./dataset/MMU-Iris-2/700204.bmp,1
./dataset/MMU-Iris-2/700203.bmp,./dataset/MMU-Iris-2/700205.bmp,1
./dataset/MMU-Iris-2/700204.bmp,./dataset/MMU-Iris-2/700205.bmp,1
./dataset/MMU-Iris-2/710201.bmp,./dataset/MMU-Iris-2/710202.bmp,1
./dataset/MMU-Iris-2/710201.bmp,./dataset/MMU-Iris-2/710203.bmp,1
./dataset/MMU-Iris-2/710201.bmp,./dataset/MMU-Iris-2/710204.bmp,1
./dataset/MMU-Iris-2/710201.bmp,./dataset/MMU-Iris-2/710205.bmp,1
./dataset/MMU-Iris-2/710202.bmp,./dataset/MMU-Iris-2/710203.bmp,1
./dataset/MMU-Iris-2/710202.bmp,./dataset/MMU-Iris-2/710204.bmp,1
./dataset/MMU-Iris-2/710202.bmp,./dataset/MMU-Iris-2/710205.bmp,1
./dataset/MMU-Iris-2/710203.bmp,./dataset/MMU-Iris-2/710204.bmp,1
./dataset/MMU-Iris-2/710203.bmp,./dataset/MMU-Iris-2/710205.bmp,1
./dataset/MMU-Iris-2/710204.bmp,./dataset/MMU-Iris-2/710205.bmp,1
./dataset/MMU-Iris-2/720201.bmp,./dataset/MMU-Iris-2/720202.bmp,1
./dataset/MMU-Iris-2/720201.bmp,./dataset/MMU-Iris-2/720203.bmp,1
./dataset/MMU-Iris-2/720201.bmp,./dataset/MMU-Iris-2/720204.bmp,1
./dataset/MMU-Iris-2/720201.bmp,./dataset/MMU-Iris-2/720205.bmp,1
./dataset/MMU-Iris-2/720202.bmp,./dataset/MMU-Iris-2/720203.bmp,1
./dataset/MMU-Iris-2/720202.bmp,./dataset/MMU-Iris-2/720204.bmp,1
./dataset/MMU-Iris-2/720202.bmp,./dataset/MMU-Iris-2/720205.bmp,1
./dataset/MMU-Iris-2/720203.bmp,./dataset/MMU-Iris-2/720204.bmp,1
./dataset/MMU-Iris-2/720203.bmp,./dataset/MMU-Iris-2/720205.bmp,1
./dataset/MMU-Iris-2/720204.bmp,./dataset/MMU-Iris-2/720205.bmp,1
./dataset/MMU-Iris-2/730201.bmp,./dataset/MMU-Iris-2/730202.bmp,1
./dataset/MMU-Iris-2/730201.bmp,./dataset/MMU-Iris-2/730203.bmp,1
./dataset/MMU-Iris-2/730201.bmp,./dataset/MMU-Iris-2/730204.bmp,1
./dataset/MMU-Iris-2/730201.bmp,./dataset/MMU-Iris-2/730205.bmp,1
./dataset/MMU-Iris-2/730202.bmp,./dataset/MMU-Iris-2/730203.bmp,1
./dataset/MMU-Iris-2/730202.bmp,./dataset/MMU-Iris-2/730204.bmp,1
./dataset/MMU-Iris-2/730202.bmp,./dataset/MMU-Iris-2/730205.bmp,1
./dataset/MMU-Iris-2/730203.bmp,./dataset/MMU-Iris-2/730204.bmp,1
./dataset/MMU-Iris-2/730203.bmp,./dataset/MMU-Iris-2/730205.bmp,1
./dataset/MMU-Iris-2/730204.bmp,./dataset/MMU-Iris-2/730205.bmp,1
./dataset/MMU-Iris-2/740201.bmp,./dataset/MMU-Iris-2/740202.bmp,1
./dataset/MMU-Iris-2/740201.bmp,./dataset/MMU-Iris-2/740203.bmp,1
./dataset/MMU-Iris-2/740201.bmp,./dataset/MMU-Iris-2/740204.bmp,1
./dataset/MMU-Iris-2/740201.bmp,./dataset/MMU-Iris-2/740205.bmp,1
./dataset/MMU-Iris-2/740202.bmp,./dataset/MMU-Iris-2/740203.bmp,1
./dataset/MMU-Iris-2/740202.bmp,./dataset/MMU-Iris-2/740204.bmp,1
./dataset/MMU-Iris-2/740202.bmp,./dataset/MMU-Iris-2/740205.bmp,1
./dataset/MMU-Iris-2/740203.bmp,./dataset/MMU-Iris-2/740204.bmp,1
./dataset/MMU-Iris-2/740203.bmp,./dataset/MMU-Iris-2/740205.bmp,1
./dataset/MMU-Iris-2/740204.bmp,./dataset/MMU-Iris-2/740205.bmp,1
./dataset/MMU-Iris-2/750201.bmp,./dataset/MMU-Iris-2/750202.bmp,1
./dataset/MMU-Iris-2/750201.bmp,./dataset/MMU-Iris-2/750203.bmp,1
./dataset/MMU-Iris-2/750201.bmp,./dataset/MMU-Iris-2/750204.bmp,1
./dataset/MMU-Iris-2/750201.bmp,./dataset/MMU-Iris-2/750205.bmp,1
./dataset/MMU-Iris-2/750202.bmp,./dataset/MMU-Iris-2/750203.bmp,1
./dataset/MMU-Iris-2/750202.bmp,./dataset/MMU-Iris-2/750204.bmp,1
./dataset/MMU-Iris-2/750202.bmp,./dataset/MMU-Iris-2/750205.bmp,1
./dataset/MMU-Iris-2/750203.bmp,./dataset/MMU-Iris-2/750204.bmp,1
./dataset/MMU-Iris-2/750203.bmp,./dataset/MMU-Iris-2/750205.bmp,1
./dataset/MMU-Iris-2/750204.bmp,./dataset/MMU-Iris-2/750205.bmp,1
./dataset/MMU-Iris-2/760201.bmp,./dataset/MMU-Iris-2/760202.bmp,1
./dataset/MMU-Iris-2/760201.bmp,./dataset/MMU-Iris-2/760203.bmp,1
./dataset/MMU-Iris-2/760201.bmp,./dataset/MMU-Iris-2/760204.bmp,1
./dataset/MMU-Iris-2/760201.bmp,./dataset/MMU-Iris-2/760205.bmp,1
./dataset/MMU-Iris-2/760202.bmp,./dataset/MMU-Iris-2/760203.bmp,1
./dataset/MMU-Iris-2/760202.bmp,./dataset/MMU-Iris-2/760204.bmp,1
./dataset/MMU-Iris-2/760202.bmp,./dataset/MMU-Iris-2/760205.bmp,1
./dataset/MMU-Iris-2/760203.bmp,./dataset/MMU-Iris-2/760204.bmp,1
./dataset/MMU-Iris-2/760203.bmp,./dataset/MMU-Iris-2/760205.bmp,1
./dataset/MMU-Iris-2/760204.bmp,./dataset/MMU-Iris-2/760205.bmp,1
./dataset/MMU-Iris-2/770201.bmp,./dataset/MMU-Iris-2/770202.bmp,1
./dataset/MMU-Iris-2/770201.bmp,./dataset/MMU-Iris-2/770203.bmp,1
./dataset/MMU-Iris-2/770201.bmp,./dataset/MMU-Iris-2/770204.bmp,1
./dataset/MMU-Iris-2/770201.bmp,./dataset/MMU-Iris-2/770205.bmp,1
./dataset/MMU-Iris-2/770202.bmp,./dataset/MMU-Iris-2/770203.bmp,1
./dataset/MMU-Iris-2/770202.bmp,./dataset/MMU-Iris-2/770204.bmp,1
./dataset/MMU-Iris-2/770202.bmp,./dataset/MMU-Iris-2/770205.bmp,1
./dataset/MMU-Iris-2/770203.bmp,./dataset/MMU-Iris-2/770204.bmp,1
./dataset/MMU-Iris-2/770203.bmp,./dataset/MMU-Iris-2/770205.bmp,1
./dataset/MMU-Iris-2/770204.bmp,./dataset/MMU-Iris-2/770205.bmp,1
./dataset/MMU-Iris-2/780201.bmp,./dataset/MMU-Iris-2/780202.bmp,1
./dataset/MMU-Iris-2/780201.bmp,./dataset/MMU-Iris-2/780203.bmp,1
./dataset/MMU-Iris-2/780201.bmp,./dataset/MMU-Iris-2/780204.bmp,1
./dataset/MMU-Iris-2/780201.bmp,./dataset/MMU-Iris-2/780205.bmp,1
./dataset/MMU-Iris-2/780202.bmp,./dataset/MMU-Iris-2/780203.bmp,1
./dataset/MMU-Iris-2/780202.bmp,./dataset/MMU-Iris-2/780204.bmp,1
./dataset/MMU-Iris-2/780202.bmp,./dataset/MMU-Iris-2/780205.bmp,1
./dataset/MMU-Iris-2/780203.bmp,./dataset/MMU-Iris-2/780204.bmp,1
./dataset/MMU-Iris-2/780203.bmp,./dataset/MMU-Iris-2/780205.bmp,1
./dataset/MMU-Iris-2/780204.bmp,./dataset/MMU-Iris-2/780205.bmp,1
./dataset/MMU-Iris-2/790201.bmp,./dataset/MMU-Iris-2/790202.bmp,1
./dataset/MMU-Iris-2/790201.bmp,./dataset/MMU-Iris-2/790203.bmp,1
./dataset/MMU-Iris-2/790201.bmp,./dataset/MMU-Iris-2/790204.bmp,1
./dataset/MMU-Iris-2/790201.bmp,./dataset/MMU-Iris-2/790205.bmp,1
./dataset/MMU-Iris-2/790202.bmp,./dataset/MMU-Iris-2/790203.bmp,1
./dataset/MMU-Iris-2/790202.bmp,./dataset/MMU-Iris-2/790204.bmp,1
./dataset/MMU-Iris-2/790202.bmp,./dataset/MMU-Iris-2/790205.bmp,1
./dataset/MMU-Iris-2/790203.bmp,./dataset/MMU-Iris-2/790204.bmp,1
./dataset/MMU-Iris-2/790203.bmp,./dataset/MMU-Iris-2/790205.bmp,1
./dataset/MMU-Iris-2/790204.bmp,./dataset/MMU-Iris-2/790205.bmp,1
./dataset/MMU-Iris-2/800201.bmp,./dataset/MMU-Iris-2/800202.bmp,1
./dataset/MMU-Iris-2/800201.bmp,./dataset/MMU-Iris-2/800203.bmp,1
./dataset/MMU-Iris-2/800201.bmp,./dataset/MMU-Iris-2/800204.bmp,1
./dataset/MMU-Iris-2/800201.bmp,./dataset/MMU-Iris-2/800205.bmp,1
./dataset/MMU-Iris-2/800202.bmp,./dataset/MMU-Iris-2/800203.bmp,1
./dataset/MMU-Iris-2/800202.bmp,./dataset/MMU-Iris-2/800204.bmp,1
./dataset/MMU-Iris-2/800202.bmp,./dataset/MMU-Iris-2/800205.bmp,1
./dataset/MMU-Iris-2/800203.bmp,./dataset/MMU-Iris-2/800204.bmp,1
./dataset/MMU-Iris-2/800203.bmp,./dataset/MMU-Iris-2/800205.bmp,1
./dataset/MMU-Iris-2/800204.bmp,./dataset/MMU-Iris-2/800205.bmp,1
./dataset/MMU-Iris-2/810201.bmp,./dataset/MMU-Iris-2/810202.bmp,1
./dataset/MMU-Iris-2/810201.bmp,./dataset/MMU-Iris-2/810203.bmp,1
./dataset/MMU-Iris-2/810201.bmp,./dataset/MMU-Iris-2/810204.bmp,1
./dataset/MMU-Iris-2/810201.bmp,./dataset/MMU-Iris-2/810205.bmp,1
./dataset/MMU-Iris-2/810202.bmp,./dataset/MMU-Iris-2/810203.bmp,1
./dataset/MMU-Iris-2/810202.bmp,./dataset/MMU-Iris-2/810204.bmp,1
./dataset/MMU-Iris-2/810202.bmp,./dataset/MMU-Iris-2/810205.bmp,1
./dataset/MMU-Iris-2/810203.bmp,./dataset/MMU-Iris-2/810204.bmp,1
./dataset/MMU-Iris-2/810203.bmp,./dataset/MMU-Iris-2/810205.bmp,1
./dataset/MMU-Iris-2/810204.bmp,./dataset/MMU-Iris-2/810205.bmp,1
./dataset/MMU-Iris-2/820201.bmp,./dataset/MMU-Iris-2/820202.bmp,1
./dataset/MMU-Iris-2/820201.bmp,./dataset/MMU-Iris-2/820203.bmp,1
./dataset/MMU-Iris-2/820201.bmp,./dataset/MMU-Iris-2/820204.bmp,1
./dataset/MMU-Iris-2/820201.bmp,./dataset/MMU-Iris-2/820205.bmp,1
./dataset/MMU-Iris-2/820202.bmp,./dataset/MMU-Iris-2/820203.bmp,1
./dataset/MMU-Iris-2/820202.bmp,./dataset/MMU-Iris-2/820204.bmp,1
./dataset/MMU-Iris-2/820202.bmp,./dataset/MMU-Iris-2/820205.bmp,1
./dataset/MMU-Iris-2/820203.bmp,./dataset/MMU-Iris-2/820204.bmp,1
./dataset/MMU-Iris-2/820203.bmp,./dataset/MMU-Iris-2/820205.bmp,1
./dataset/MMU-Iris-2/820204.bmp,./dataset/MMU-Iris-2/820205.bmp,1
./dataset/MMU-Iris-2/830201.bmp,./dataset/MMU-Iris-2/830202.bmp,1
./dataset/MMU-Iris-2/830201.bmp,./dataset/MMU-Iris-2/830203.bmp,1
./dataset/MMU-Iris-2/830201.bmp,./dataset/MMU-Iris-2/830204.bmp,1
./dataset/MMU-Iris-2/830201.bmp,./dataset/MMU-Iris-2/830205.bmp,1
./dataset/MMU-Iris-2/830202.bmp,./dataset/MMU-Iris-2/830203.bmp,1
./dataset/MMU-Iris-2/830202.bmp,./dataset/MMU-Iris-2/830204.bmp,1
./dataset/MMU-Iris-2/830202.bmp,./dataset/MMU-Iris-2/830205.bmp,1
./dataset/MMU-Iris-2/830203.bmp,./dataset/MMU-Iris-2/830204.bmp,1
./dataset/MMU-Iris-2/830203.bmp,./dataset/MMU-Iris-2/830205.bmp,1
./dataset/MMU-Iris-2/830204.bmp,./dataset/MMU-Iris-2/830205.bmp,1
./dataset/MMU-Iris-2/840201.bmp,./dataset/MMU-Iris-2/840202.bmp,1
./dataset/MMU-Iris-2/840201.bmp,./dataset/MMU-Iris-2/840203.bmp,1
./dataset/MMU-Iris-2/840201.bmp,./dataset/MMU-Iris-2/840204.bmp,1
./dataset/MMU-Iris-2/840201.bmp,./dataset/MMU-Iris-2/840205.bmp,1
./dataset/MMU-Iris-2/840202.bmp,./dataset/MMU-Iris-2/840203.bmp,1
./dataset/MMU-Iris-2/840202.bmp,./dataset/MMU-Iris-2/840204.bmp,1
./dataset/MMU-Iris-2/840202.bmp,./dataset/MMU-Iris-2/840205.bmp,1
./dataset/MMU-Iris-2/840203.bmp,./dataset/MMU-Iris-2/840204.bmp,1
./dataset/MMU-Iris-2/840203.bmp,./dataset/MMU-Iris-2/840205.bmp,1
./dataset/MMU-Iris-2/840204.bmp,./dataset/MMU-Iris-2/840205.bmp,1
./dataset/MMU-Iris-2/850201.bmp,./dataset/MMU-Iris-2/850202.bmp,1
./dataset/MMU-Iris-2/850201.bmp,./dataset/MMU-Iris-2/850203.bmp,1
./dataset/MMU-Iris-2/850201.bmp,./dataset/MMU-Iris-2/850204.bmp,1
./dataset/MMU-Iris-2/850201.bmp,./dataset/MMU-Iris-2/850205.bmp,1
./dataset/MMU-Iris-2/850202.bmp,./dataset/MMU-Iris-2/850203.bmp,1
./dataset/MMU-Iris-2/850202.bmp,./dataset/MMU-Iris-2/850204.bmp,1
./dataset/MMU-Iris-2/850202.bmp,./dataset/MMU-Iris-2/850205.bmp,1
./dataset/MMU-Iris-2/850203.bmp,./dataset/MMU-Iris-2/850204.bmp,1
./dataset/MMU-Iris-2/850203.bmp,./dataset/MMU-Iris-2/850205.bmp,1
./dataset/MMU-Iris-2/850204.bmp,./dataset/MMU-Iris-2/850205.bmp,1
./dataset/MMU-Iris-2/860201.bmp,./dataset/MMU-Iris-2/860202.bmp,1
./dataset/MMU-Iris-2/860201.bmp,./dataset/MMU-Iris-2/860203.bmp,1
./dataset/MMU-Iris-2/860201.bmp,./dataset/MMU-Iris-2/860204.bmp,1
./dataset/MMU-Iris-2/860201.bmp,./dataset/MMU-Iris-2/860205.bmp,1
./dataset/MMU-Iris-2/860202.bmp,./dataset/MMU-Iris-2/860203.bmp,1
./dataset/MMU-Iris-2/860202.bmp,./dataset/MMU-Iris-2/860204.bmp,1
./dataset/MMU-Iris-2/860202.bmp,./dataset/MMU-Iris-2/860205.bmp,1
./dataset/MMU-Iris-2/860203.bmp,./dataset/MMU-Iris-2/860204.bmp,1
./dataset/MMU-Iris-2/860203.bmp,./dataset/MMU-Iris-2/860205.bmp,1
./dataset/MMU-Iris-2/860204.bmp,./dataset/MMU-Iris-2/860205.bmp,1
./dataset/MMU-Iris-2/870201.bmp,./dataset/MMU-Iris-2/870202.bmp,1
./dataset/MMU-Iris-2/870201.bmp,./dataset/MMU-Iris-2/870203.bmp,1
./dataset/MMU-Iris-2/870201.bmp,./dataset/MMU-Iris-2/870204.bmp,1
./dataset/MMU-Iris-2/870201.bmp,./dataset/MMU-Iris-2/870205.bmp,1
./dataset/MMU-Iris-2/870202.bmp,./dataset/MMU-Iris-2/870203.bmp,1
./dataset/MMU-Iris-2/870202.bmp,./dataset/MMU-Iris-2/870204.bmp,1
./dataset/MMU-Iris-2/870202.bmp,./dataset/MMU-Iris-2/870205.bmp,1
./dataset/MMU-Iris-2/870203.bmp,./dataset/MMU-Iris-2/870204.bmp,1
./dataset/MMU-Iris-2/870203.bmp,./dataset/MMU-Iris-2/870205.bmp,1
./dataset/MMU-Iris-2/870204.bmp,./dataset/MMU-Iris-2/870205.bmp,1
./dataset/MMU-Iris-2/880201.bmp,./dataset/MMU-Iris-2/880202.bmp,1
./dataset/MMU-Iris-2/880201.bmp,./dataset/MMU-Iris-2/880203.bmp,1
./dataset/MMU-Iris-2/880201.bmp,./dataset/MMU-Iris-2/880204.bmp,1
./dataset/MMU-Iris-2/880201.bmp,./dataset/MMU-Iris-2/880205.bmp,1
./dataset/MMU-Iris-2/880202.bmp,./dataset/MMU-Iris-2/880203.bmp,1
./dataset/MMU-Iris-2/880202.bmp,./dataset/MMU-Iris-2/880204.bmp,1
./dataset/MMU-Iris-2/880202.bmp,./dataset/MMU-Iris-2/880205.bmp,1
./dataset/MMU-Iris-2/880203.bmp,./dataset/MMU-Iris-2/880204.bmp,1
./dataset/MMU-Iris-2/880203.bmp,./dataset/MMU-Iris-2/880205.bmp,1
./dataset/MMU-Iris-2/880204.bmp,./dataset/MMU-Iris-2/880205.bmp,1
./dataset/MMU-Iris-2/890201.bmp,./dataset/MMU-Iris-2/890202.bmp,1
./dataset/MMU-Iris-2/890201.bmp,./dataset/MMU-Iris-2/890203.bmp,1
./dataset/MMU-Iris-2/890201.bmp,./dataset/MMU-Iris-2/890204.bmp,1
./dataset/MMU-Iris-2/890201.bmp,./dataset/MMU-Iris-2/890205.bmp,1
./dataset/MMU-Iris-2/890202.bmp,./dataset/MMU-Iris-2/890203.bmp,1
./dataset/MMU-Iris-2/890202.bmp,./dataset/MMU-Iris-2/890204.bmp,1
./dataset/MMU-Iris-2/890202.bmp,./dataset/MMU-Iris-2/890205.bmp,1
./dataset/MMU-Iris-2/890203.bmp,./dataset/MMU-Iris-2/890204.bmp,1
./dataset/MMU-Iris-2/890203.bmp,./dataset/MMU-Iris-2/890205.bmp,1
./dataset/MMU-Iris-2/890204.bmp,./dataset/MMU-Iris-2/890205.bmp,1
./dataset/MMU-Iris-2/900201.bmp,./dataset/MMU-Iris-2/900202.bmp,1
./dataset/MMU-Iris-2/900201.bmp,./dataset/MMU-Iris-2/900203.bmp,1
./dataset/MMU-Iris-2/900201.bmp,./dataset/MMU-Iris-2/900204.bmp,1
./dataset/MMU-Iris-2/900201.bmp,./dataset/MMU-Iris-2/900205.bmp,1
./dataset/MMU-Iris-2/900202.bmp,./dataset/MMU-Iris-2/900203.bmp,1
./dataset/MMU-Iris-2/900202.bmp,./dataset/MMU-Iris-2/900204.bmp,1
./dataset/MMU-Iris-2/900202.bmp,./dataset/MMU-Iris-2/900205.bmp,1
./dataset/MMU-Iris-2/900203.bmp,./dataset/MMU-Iris-2/900204.bmp,1
./dataset/MMU-Iris-2/900203.bmp,./dataset/MMU-Iris-2/900205.bmp,1
./dataset/MMU-Iris-2/900204.bmp,./dataset/MMU-Iris-2/900205.bmp,1
./dataset/MMU-Iris-2/910201.bmp,./dataset/MMU-Iris-2/910202.bmp,1
./dataset/MMU-Iris-2/910201.bmp,./dataset/MMU-Iris-2/910203.bmp,1
./dataset/MMU-Iris-2/910201.bmp,./dataset/MMU-Iris-2/910204.bmp,1
./dataset/MMU-Iris-2/910201.bmp,./dataset/MMU-Iris-2/910205.bmp,1
./dataset/MMU-Iris-2/910202.bmp,./dataset/MMU-Iris-2/910203.bmp,1
./dataset/MMU-Iris-2/910202.bmp,./dataset/MMU-Iris-2/910204.bmp,1
./dataset/MMU-Iris-2/910202.bmp,./dataset/MMU-Iris-2/910205.bmp,1
./dataset/MMU-Iris-2/910203.bmp,./dataset/MMU-Iris-2/910204.bmp,1
./dataset/MMU-Iris-2/910203.bmp,./dataset/MMU-Iris-2/910205.bmp,1
./dataset/MMU-Iris-2/910204.bmp,./dataset/MMU-Iris-2/910205.bmp,1
./dataset/MMU-Iris-2/920201.bmp,./dataset/MMU-Iris-2/920202.bmp,1
./dataset/MMU-Iris-2/920201.bmp,./dataset/MMU-Iris-2/920203.bmp,1
./dataset/MMU-Iris-2/920201.bmp,./dataset/MMU-Iris-2/920204.bmp,1
./dataset/MMU-Iris-2/920201.bmp,./dataset/MMU-Iris-2/920205.bmp,1
./dataset/MMU-Iris-2/920202.bmp,./dataset/MMU-Iris-2/920203.bmp,1
./dataset/MMU-Iris-2/920202.bmp,./dataset/MMU-Iris-2/920204.bmp,1
./dataset/MMU-Iris-2/920202.bmp,./dataset/MMU-Iris-2/920205.bmp,1
./dataset/MMU-Iris-2/920203.bmp,./dataset/MMU-Iris-2/920204.bmp,1
./dataset/MMU-Iris-2/920203.bmp,./dataset/MMU-Iris-2/920205.bmp,1
./dataset/MMU-Iris-2/920204.bmp,./dataset/MMU-Iris-2/920205.bmp,1
./dataset/MMU-Iris-2/930201.bmp,./dataset/MMU-Iris-2/930202.bmp,1
./dataset/MMU-Iris-2/930201.bmp,./dataset/MMU-Iris-2/930203.bmp,1
./dataset/MMU-Iris-2/930201.bmp,./dataset/MMU-Iris-2/930204.bmp,1
./dataset/MMU-Iris-2/930201.bmp,./dataset/MMU-Iris-2/930205.bmp,1
./dataset/MMU-Iris-2/930202.bmp,./dataset/MMU-Iris-2/930203.bmp,1
./dataset/MMU-Iris-2/930202.bmp,./dataset/MMU-Iris-2/930204.bmp,1
./dataset/MMU-Iris-2/930202.bmp,./dataset/MMU-Iris-2/930205.bmp,1
./dataset/MMU-Iris-2/930203.bmp,./dataset/MMU-Iris-2/930204.bmp,1
./dataset/MMU-Iris-2/930203.bmp,./dataset/MMU-Iris-2/930205.bmp,1
./dataset/MMU-Iris-2/930204.bmp,./dataset/MMU-Iris-2/930205.bmp,1
./dataset/MMU-Iris-2/940201.bmp,./dataset/MMU-Iris-2/940202.bmp,1
./dataset/MMU-Iris-2/940201.bmp,./dataset/MMU-Iris-2/940203.bmp,1
./dataset/MMU-Iris-2/940201.bmp,./dataset/MMU-Iris-2/940204.bmp,1
./dataset/MMU-Iris-2/940201.bmp,./dataset/MMU-Iris-2/940205.bmp,1
./dataset/MMU-Iris-2/940202.bmp,./dataset/MMU-Iris-2/940203.bmp,1
./dataset/MMU-Iris-2/940202.bmp,./dataset/MMU-Iris-2/940204.bmp,1
./dataset/MMU-Iris-2/940202.bmp,./dataset/MMU-Iris-2/940205.bmp,1
./dataset/MMU-Iris-2/940203.bmp,./dataset/MMU-Iris-2/940204.bmp,1
./dataset/MMU-Iris-2/940203.bmp,./dataset/MMU-Iris-2/940205.bmp,1
./dataset/MMU-Iris-2/940204.bmp,./dataset/MMU-Iris-2/940205.bmp,1
./dataset/MMU-Iris-2/950201.bmp,./dataset/MMU-Iris-2/950202.bmp,1
./dataset/MMU-Iris-2/950201.bmp,./dataset/MMU-Iris-2/950203.bmp,1
./dataset/MMU-Iris-2/950201.bmp,./dataset/MMU-Iris-2/950204.bmp,1
./dataset/MMU-Iris-2/950201.bmp,./dataset/MMU-Iris-2/950205.bmp,1
./dataset/MMU-Iris-2/950202.bmp,./dataset/MMU-Iris-2/950203.bmp,1
./dataset/MMU-Iris-2/950202.bmp,./dataset/MMU-Iris-2/950204.bmp,1
./dataset/MMU-Iris-2/950202.bmp,./dataset/MMU-Iris-2/950205.bmp,1
./dataset/MMU-Iris-2/950203.bmp,./dataset/MMU-Iris-2/950204.bmp,1
./dataset/MMU-Iris-2/950203.bmp,./dataset/MMU-Iris-2/950205.bmp,1
./dataset/MMU-Iris-2/950204.bmp,./dataset/MMU-Iris-2/950205.bmp,1
./dataset/MMU-Iris-2/960201.bmp,./dataset/MMU-Iris-2/960202.bmp,1
./dataset/MMU-Iris-2/960201.bmp,./dataset/MMU-Iris-2/960203.bmp,1
./dataset/MMU-Iris-2/960201.bmp,./dataset/MMU-Iris-2/960204.bmp,1
./dataset/MMU-Iris-2/960201.bmp,./dataset/MMU-Iris-2/960205.bmp,1
./dataset/MMU-Iris-2/960202.bmp,./dataset/MMU-Iris-2/960203.bmp,1
./dataset/MMU-Iris-2/960202.bmp,./dataset/MMU-Iris-2/960204.bmp,1
./dataset/MMU-Iris-2/960202.bmp,./dataset/MMU-Iris-2/960205.bmp,1
./dataset/MMU-Iris-2/960203.bmp,./dataset/MMU-Iris-2/960204.bmp,1
./dataset/MMU-Iris-2/960203.bmp,./dataset/MMU-Iris-2/960205.bmp,1
./dataset/MMU-Iris-2/960204.bmp,./dataset/MMU-Iris-2/960205.bmp,1
./dataset/MMU-Iris-2/970201.bmp,./dataset/MMU-Iris-2/970202.bmp,1
./dataset/MMU-Iris-2/970201.bmp,./dataset/MMU-Iris-2/970203.bmp,1
./dataset/MMU-Iris-2/970201.bmp,./dataset/MMU-Iris-2/970204.bmp,1
./dataset/MMU-Iris-2/970201.bmp,./dataset/MMU-Iris-2/970205.bmp,1
./dataset/MMU-Iris-2/970202.bmp,./dataset/MMU-Iris-2/970203.bmp,1
./dataset/MMU-Iris-2/970202.bmp,./dataset/MMU-Iris-2/970204.bmp,1
./dataset/MMU-Iris-2/970202.bmp,./dataset/MMU-Iris-2/970205.bmp,1
./dataset/MMU-Iris-2/970203.bmp,./dataset/MMU-Iris-2/970204.bmp,1
./dataset/MMU-Iris-2/970203.bmp,./dataset/MMU-Iris-2/970205.bmp,1
./dataset/MMU-Iris-2/970204.bmp,./dataset/MMU-Iris-2/970205.bmp,1
./dataset/MMU-Iris-2/980201.bmp,./dataset/MMU-Iris-2/980202.bmp,1
./dataset/MMU-Iris-2/980201.bmp,./dataset/MMU-Iris-2/980203.bmp,1
./dataset/MMU-Iris-2/980201.bmp,./dataset/MMU-Iris-2/980204.bmp,1
./dataset/MMU-Iris-2/980201.bmp,./dataset/MMU-Iris-2/980205.bmp,1
./dataset/MMU-Iris-2/980202.bmp,./dataset/MMU-Iris-2/980203.bmp,1
./dataset/MMU-Iris-2/980202.bmp,./dataset/MMU-Iris-2/980204.bmp,1
./dataset/MMU-Iris-2/980202.bmp,./dataset/MMU-Iris-2/980205.bmp,1
./dataset/MMU-Iris-2/980203.bmp,./dataset/MMU-Iris-2/980204.bmp,1
./dataset/MMU-Iris-2/980203.bmp,./dataset/MMU-Iris-2/980205.bmp,1
./dataset/MMU-Iris-2/980204.bmp,./dataset/MMU-Iris-2/980205.bmp,1
./dataset/MMU-Iris-2/990201.bmp,./dataset/MMU-Iris-2/990202.bmp,1
./dataset/MMU-Iris-2/990201.bmp,./dataset/MMU-Iris-2/990203.bmp,1
./dataset/MMU-Iris-2/990201.bmp,./dataset/MMU-Iris-2/990204.bmp,1
./dataset/MMU-Iris-2/990201.bmp,./dataset/MMU-Iris-2/990205.bmp,1
./dataset/MMU-Iris-2/990202.bmp,./dataset/MMU-Iris-2/990203.bmp,1
./dataset/MMU-Iris-2/990202.bmp,./dataset/MMU-Iris-2/990204.bmp,1
./dataset/MMU-Iris-2/990202.bmp,./dataset/MMU-Iris-2/990205.bmp,1
./dataset/MMU-Iris-2/990203.bmp,./dataset/MMU-Iris-2/990204.bmp,1
./dataset/MMU-Iris-2/990203.bmp,./dataset/MMU-Iris-2/990205.bmp,1
./dataset/MMU-Iris-2/990204.bmp,./dataset/MMU-Iris-2/990205.bmp,1
